id,lng,lat,skills,workload
DuDKW9sNBeDGw8giRF3EgQ,104.06726,30.65641,"3,5,7",558
QpGhQbC7TBPvt3BnKWoUHV,104.22872,30.65582,"3,7,11",2929
UkfjVJH2P4R4qRXZD6e9dX,104.032515,30.680822,"0,6",644
NJZcHhPVrVH7tqV8tctRkY,104.094696,30.677191,11,685
i5ahph2UiV5G3t5Hx7hr2a,104.04913,30.68376,"8,11",820
XdfCKErC8ZxZZ4LivjvsxN,104.09188,30.6574,11,509
g9qUoksEc2Di4MMBsrYRnt,104.057279,30.76926,"0,4,5",1616
PorwRt4TKqLauCFeryQjrk,104.06933,30.67191,3,455
MKUCZTYwumK9dezWGbwown,104.0873,30.63815,"3,7,9",1298
RsJmqhCa2ZdaumTXziP8fP,104.0758,30.66039,3,781
jhi9ZWeFppH4GRWZ8HUy2T,104.09773,30.66358,"2,7,11",748
dJxKqsF2djFBkLWGd3MZaE,104.067026,30.585852,11,1130
6Bs4XfiCVEfKZWSGVf2Ync,104.07771,30.71614,7,2214
VcTV9EjKsv2dgACYLoqzS8,104.068695,30.719536,3,1458
4sVD2qhbCin4CU4SQ2Wobu,104.112112,30.61778,"6,11",1803
Yx347NnyTAhV93eEFT82C3,104.0448,30.69708,5,592
MggU4vH6pFjo9oxthbLWDq,104.07518,30.66822,"0,9",1597
3kPcKJ6ANbhdXpLdGVJfDN,104.035946,30.717452,"2,11",814
faBRSMRSZSPfLkTZH2dQRC,104.06901,30.67231,5,992
Ywx3bJLaqS3VARL8rS9R5E,104.085858,30.661608,"1,4,7",666
4n4iQ8jDzBPzDJSonp3UKH,104.170418,30.70607,"1,6,7",2005
WGr6TQitYfrmTiirG5snmD,104.09801,30.66493,7,725
VRxn8rLk38hfG9pxQCrMpz,104.09344,30.62415,"2,4",1971
eBU8NR8VMLWxPSpLiaUXDv,104.04856,30.66899,"0,4",331
fnXbnHfkUkSeMmm7tfCgf5,104.018585,30.679871,"1,2,11",1298
fZf48N9ujpf2H9uzg9bd7D,104.10562,30.66374,2,763
VmsraomXHxKEeLvP8ypEtZ,104.031799,30.71983,9,1232
T8ByzQf5GaRkxv3gBR9Vyx,104.00282,30.65637,"0,2,9",1227
ZyEGpB3RD47sC8dpZ5kU9t,104.084239,30.690461,"0,2",1217
Ay9MwKtvNjKwsEmEhGShZu,104.04477,30.67436,"5,11",686
juPEsQQ5XUVd3CxX8TWwx6,104.04448,30.68781,"1,8,11",107
TbJNusLi2AjN5JsjERcStm,104.06198,30.71795,"1,9,11",1921
ej9xuvHeGqYHQJBfLwyEqC,104.086,30.67299,"2,5",536
m5SMrXmKK4cDQkQ9zwN8Sn,104.05729,30.65937,"1,2,5",64
HmCFr8gawDNHDnx2vybE5V,104.09703,30.62376,"2,11",480
fq57oiXtZHPZxtLT8wxVAu,103.994633,30.734072,"4,7",1187
MdDkYZfLPdtzLSBvrGvGoM,104.07882,30.65754,"2,5,11",821
2gLceWZZDGiuabqHnixJBZ,104.08504,30.64654,"3,7,10",1110
VGXLTdpz98k9LRgQz2SrCu,104.075765,30.618161,2,1503
SoFKZBUzxiFQDpqKatbmNJ,104.05177,30.686584,2,1271
eXBTvFoLgpTTM7PQ6cRZaf,104.06687,30.7587,"5,7",1009
GHh7aeaf39XfBBSU4xg2Ne,104.04363,30.65829,"0,6,9",514
MS9t55ia3Cz6rUbKMMT5iV,104.0722,30.70932,5,1451
m93ueMNvygJtbRQdbEXgZF,104.068787,30.700216,"2,7,8",942
RoaskKXDJgNZKoD32qMLxN,104.073964,30.665836,"3,11",740
Btsin9BWsMyGKDhsAuvXbh,104.09305,30.66081,"0,7",1152
oDcNrWLW8Vs5qFCpNW7dVw,104.05426,30.66857,"4,11",188
LhyX8PsKT3TWsDik3Thxgd,104.08177,30.66056,"7,8,11",554
d3MTJag3dzgmEYg79Sm4se,104.0616,30.68158,"4,7",1388
j8BbeEYiH96Gpw8ALdY6i5,104.02926,30.66253,"2,3,9",553
gwW9wvD7kzVKMQC2HWNPbV,104.053673,30.688475,"4,11",790
QdvhzuLvYXT3R6TyjBtUZQ,104.068489,30.759354,"0,9,11",1924
oEZm4iasn5hu2PC5HVjmYk,104.12854,30.78239,"7,8",1416
e9jdaoEcpcPwcDRnQgu226,104.067047,30.667179,"0,2,5",1111
ScLfyNcjoR5yRdyoeJokHV,104.08462,30.64669,5,1545
EPy98kgXkSrUU79CgiyQUz,104.080971,30.528633,6,1477
DWpg5yyk8sVp7JzQWvJR7y,104.032013,30.71826,"0,2,7",1079
GsHzj68UrFYF2zqtoq77EZ,104.09144,30.64659,7,297
TeJjtHRjyyosmEGee3Frrm,104.10322,30.71364,"2,11",1099
fBRFrrt8WSbisq6oB9hJxa,104.09133,30.64236,11,1123
CfZJxjFF7y6NTapeHzcsvT,104.087326,30.638214,"4,7",1702
miuQuj3rkrVLb6qkDhDeeW,104.08567,30.63781,"2,9,11",728
deeg9CKdkhKb94CUyj3qwT,104.0549,30.66191,"2,6,7",1366
F55thuuVBLBgtqNrSVE7Ux,104.07675,30.62321,"7,9,11",899
FmoUcrxhvmbMFQVu7ghdPc,104.04544,30.69859,11,584
2AVPfepujeFJfdD4n8VCKh,104.070545,30.654298,10,274
LrXCMhnBNXfZh5pYT5e2iW,104.12448,30.67059,"0,3,11",930
6nCLMXsnGzuUyZJT3wfJCP,104.060165,30.653605,"3,6,7",2565
faMEDbZWVayS52zN5SDP4Y,104.03354,30.67515,"0,5,9",424
bwUYKd54SXRAEMMpgnmp62,104.106003,30.66361,"0,6",1288
7ZY5KvhPCSLmzZ7KZEfCRR,104.02683,30.72427,"2,7,11",837
9BcvEjFC4zhek86bKU9tCj,104.13943,30.6739,"5,7",679
a4JSjzWvLvJJZY24CsqK22,104.1244,30.67192,"0,2,11",540
ZQYqCVQzUpGW4VCfqJzp4S,104.066823,30.656376,5,595
L9gauwzVouwKfEZpvmcbsq,104.0495,30.65325,"1,3,11",252
mJQQ92oUHncvp8Dg3fYiPG,104.081596,30.682631,5,956
RPxSQ5yJjTEyi6P7DT6rYg,104.044,30.6938,"0,9",778
JtNja8QuQjyAbePJPghCsb,104.07668,30.71618,6,697
ivYcGxcgsve9ekWpcCcTwe,104.07753,30.66147,"3,11",902
4KPo7XEdiW2SBwhp84M7W3,104.052958,30.673233,"2,3,8",916
dj2b9NtsChMip9kyUKogiN,104.0739,30.68561,"4,7,11",716
W6wkhywefAiFCbQTBF2MLg,104.111662,30.666707,11,978
ELHAytkSdmEL2ECuifEXo3,104.066399,30.758654,"0,5,7",1583
F2yLVCzm84JzY8KeU8YxJJ,104.082809,30.66618,"2,5",627
McHFmFWNBij8DZHTVXFVZH,104.053385,30.674946,"2,5,7",197
eDx7ziVn7DgBSLttQfbuAC,104.042557,30.689493,2,498
Cw3odf7k9RVZMRi2kMamj8,104.08066,30.66246,"0,1,10",339
Gs6GT5kzwtyjiiYiz6PmT5,104.05927,30.68588,"0,5,7",297
fkD9Pw5MLEwPi4KLzNAKDv,104.09089,30.66213,"5,6,8",386
QiuyMpoKiP9Wp82LRo99Rc,104.07676,30.6184,2,872
SsXG3pd4PqxWY6k5nf86Wc,104.090385,30.649755,11,361
McPRePnq7kDGFziMMbfX4A,104.06737,30.64916,6,780
EwGV9AQiZQLwwHTviMNcFc,104.09365,30.66067,11,891
5T5vykTCszkFtnLTtW6fdM,104.04325,30.69257,"2,3,7",716
ZZXL9CHShUz8SrKGcVrKQW,104.106186,30.719755,"0,1,2",449
5vF2UHLynQqWGNqG9sLM4o,104.0428,30.71063,"1,4,6",304
bbDRtGZr2PR6ai93TijQ5c,104.043152,30.63777,"1,5",1775
8RagXwTdzQV9GmqkMsM5Wc,104.078838,30.65824,1,483
T8wznAc8Vjf3NnhGabinZi,103.8414,30.692656,"2,3,7",3503
jfBoJu6mrPQyyWqQqFkuD4,104.01082,30.6451,"5,11",1299
nXC7pmZG7puwjmhKuUw3aT,104.08945,30.66839,9,1632
aY4u4eYGyb9hkury3E2rcw,104.09416,30.7053,"2,6",978
7BauzNDcAy7479P7xznFSA,104.066467,30.671429,"7,11",430
2dM34Jj4FXFyjZVywD7ZfK,103.96187,30.68366,"5,6",1257
grAxdgp9wKmdQNGsPEEmno,104.04919,30.70637,"5,7",594
L8S7WCQZ5YZMEQcYdhYcGn,104.10383,30.71482,7,536
eNHmTcvvmQWyaK4HcspLFC,104.1016,30.65244,1,386
6hEHqCTpUTTKZpbFeEzfVB,104.16658,30.799635,"1,2,3",2132
Mw8JS5vQzXaXX7neD3rNtk,104.021859,30.647727,1,701
f55qa4kgbCgkJoR9SKggHf,104.08072,30.67888,2,886
kJHpeCBgdxLUVufUip24D5,104.07475,30.62539,3,1475
7eQUBeZtD6Ubh246s3sYLF,104.094908,30.661749,"2,3,7",1908
CTk2B5DKDSHiJa5jJ943Gh,104.08775,30.65982,8,504
5JoozxnmLiqfLC2BD2ZDP2,104.09658,30.70582,"2,9",997
5NTYsJDoe48YCxR39L478R,104.152359,30.630489,"2,3,5",937
F5b4CM3cbgyaWypT7EJpf2,104.08072,30.67045,"5,7,10",1338
RXtJ3FG3cifwWYGvWP5Cwy,104.041588,30.653046,"6,8,11",700
K4wNcweErVLBS7m5QufWYu,104.087017,30.637838,"6,11",473
PQ4sTqsiBfLszTuuLbRQeA,104.07324,30.69179,"2,5",1246
VhQ9XxsnxQuvnwx7J7LdYG,104.10127,30.60309,"0,11",812
gbdrKkeyN2xAz3XneT4yyr,104.034616,30.594098,"2,3,11",1271
hCCB996u62ieeCCcency5k,104.06751,30.66756,"7,11",1405
eBSpZMPXd3N5Suao7Czmw7,104.05911,30.55208,"1,4,6",1569
TRQ8rR5KP4jNfrmC6Lmc45,104.11198,30.68767,"5,7,8",1282
a5Gs7FB54w7xxnAM2gUhLo,104.0801,30.65909,"0,7,11",826
6wgykq3nXiYUausAdRU9LU,104.028816,30.675671,"1,5,11",670
WrycudwdDxRZbjZzTzX6DT,104.09734,30.64934,0,1127
ghhRSyeKMXoaVUNc7eT5tb,104.05433,30.72248,"2,4,7",709
NFSHQVcc6hDTxdAFrknFM8,104.0965,30.70704,0,1009
3rEEzLGMiYDboNrLbAiTU7,104.0545,30.65566,"9,11",1203
EYenoYFwUNqys5xxaYjycZ,103.959068,30.578759,7,1599
9A6DCofBsjRSaUtZ3tRmVf,104.09432,30.6558,11,599
L4aVo7Pqy65KPHu3jQT3yf,104.04083,30.68407,"0,8",721
PAvrvMjRpE7XKnhf3rm49a,104.098396,30.70859,"0,2",883
XuaKW254fTJbAcR2p33uk4,103.989714,30.567617,"5,7,10",1727
KeDbktnyZwVKM6om9AcRpu,104.03388,30.69422,"2,6,7",591
HdfZtV78k2pyojBpJJmF4e,104.076973,30.649626,"5,7",574
bBS8RSdHz3QbWN8S6ZKJ7w,104.0804,30.66639,"3,5,7",832
DtKZK2yTZuorqvwCdEg3He,104.10763,30.70103,4,1072
D8vYTua3rmf7CfJXsHCixJ,104.066929,30.51549,"0,2",2242
KzuC9it97RnP45cbfS8Gis,104.08737,30.68869,"0,11",1080
Vzj3fyi6VTuYsLeYkX5U7W,104.09454,30.65577,2,1539
cuU4CftvoR4B2PgeecgLwL,104.075699,30.629576,"0,2,9",1196
Auz7LuvX5z9JEZQiZqY9vb,104.04766,30.69069,"2,5,11",1512
Q9FF6vuSnNDjKKg98xEXsK,104.13917,30.5962,3,1471
2AvFDyGTqhb3zfzwnh3tg5,104.14741,30.65232,"0,6,7",931
kXFsGGtd7eTyGtWcjz9LUd,104.09722,30.66546,"3,5",347
2F9WNyEBfkiQrF4QinPaxD,104.091888,30.686354,"0,2,8",2504
dt59E5T3bPAw8wgCEnaEU6,104.0307,30.74228,"2,3",864
V7W66eFDxPAE9xFcWS7P5b,104.054733,30.757284,9,659
CjyKt7e6ZYPuQnvHNQ4aa4,104.034,30.67995,"1,6,11",961
hAuTndLgFNukqRXJoLCCBy,104.061417,30.660549,"7,11",1530
dFkWojTpHhoidbE7mvFsKv,104.09741,30.69199,5,1386
coZBBhPK8cSo25gSkv8gKM,104.067089,30.64864,"3,10",1205
Fn8ybnukGWqXFbHY3PW2Ag,104.085109,30.760561,8,1092
KrPzPgvrNpMddXV8AjXxmS,104.072678,30.818024,"7,11",2081
HvYNztTcdXNk7iFFDJ7jgc,104.06031,30.66748,2,959
XXvKd5zu9vMA6EiV7o9G7A,104.11883,30.64675,"2,7,9",795
oHRmcrap3XSPoymn3bJgC6,104.01122,30.70776,"4,5",1421
Jr7uAHBnJywp9JV3piJNtY,104.07393,30.69064,"2,7",1428
BJorGH4TKCnnRvf3GScuPj,104.10796,30.67678,4,1647
afJsbXqKh9q7wG7y3XP46S,104.119713,30.651585,0,1647
VTGK57nCdhUFbKhXuAMsgp,104.18701,30.65252,"3,11",3252
hPEhzFvsGxkdAMQYJ94hqw,104.11052,30.68148,"2,10",1353
8pkSD5LpLT3iZ7RV4B2iUk,104.1148,30.61125,"0,9",1441
DaQwsjVjMpfaQsbxpAFxCr,103.9393,30.59853,3,2947
9PXKc8wH3ZtPURo3vncyEw,104.098816,30.597445,"2,5,6",1515
AfrtugUAwCY2zJw3rZNqRj,104.1108,30.6735,"2,10",1012
g9hyPvsXeKzuiJTfJJGseo,104.10047,30.68332,4,615
gV5VwvoNkT7HcgWcoY29WX,104.11445,30.67077,"6,10",948
RykJd6KMqoPeCqn7DVT42t,104.04229,30.631424,"2,11",1478
gyDnocKXN3AsJ4ZgHLbUqg,104.11474,30.68533,"1,8,9",484
eBui2fDdg2wej2Mzt4NiLL,104.06996,30.71091,7,2183
aaheAvmXqTsBBRbWE7Gnxs,104.11879,30.70091,"2,3,11",1273
HVhwPU6uHFRQfgMwJBxhqL,103.854553,30.679533,"1,7",3056
j8hEr7gYKNb2ujeNyVayvu,104.071373,30.70529,7,1464
GZbQNmX7XBRckGgarPzRwC,104.042629,30.712101,"0,2,11",988
gedCE8vwfJyJw43P8PjF44,104.12407,30.65713,"1,9,11",400
3WyGYXS73zLj67sECE5i4b,104.04887,30.65345,"0,1,6",1744
W4ao8aZZ9BvbELQ8NwLKq4,104.09718,30.71013,7,903
j8NwfpRuwuJvht3G3AXCpN,104.01445,30.6966,11,1038
oLjij782koF3oenWm953NH,104.01509,30.64979,"2,5,7",1279
9NtzvLu9rYtUi75SdwAyyG,104.06408,30.6697,"4,7",2543
SLMSfkGiAQfKdhaqzWMDEq,104.06429,30.67426,"0,5",2658
hdq3MHiH3eFKN6YAX4yUXY,104.14046,30.68101,"5,8,9",1589
kwYBTthfBvcsaaSahc8zxP,104.05222,30.669,"2,3,4",719
Ws4EuMTHiayRDQPu32XXPx,104.083039,30.81807,"3,11",2022
7ZvCiBv56EummwWDmFu6Kt,104.03606,30.79967,0,1749
aTFrXpX7o84svAFJffnxZY,104.016,30.66016,0,1486
PgfXTZrdHxodjPUKy47bGf,104.084677,30.673513,"1,2,11",247
aKgExUFmCcJu7NqywrDuup,104.04495,30.68397,"2,3",632
8DEFsTM9EBU4nS5HvzpnnG,104.101723,30.652534,7,768
kNd66dU7D3ANJxKLGpQ7qo,104.09881,30.66079,6,566
g6vTw9ZHukWqYkF29gTAZ8,104.147537,30.796305,"3,9",2075
3B2SjqToTM8rqh4r7AtrC7,104.06179,30.723249,"4,9,11",2006
6sVwFD2PTj2WWp6uJXTBB4,104.05794,30.62317,"9,11",1130
K6mA5axkuaunvcz7ubVjFB,104.08988,30.70075,"1,2,4",1150
2zqUG2Cye4dNmd4u2WqMnW,104.086754,30.683268,0,928
49JsFWD72XiiNRL4K9EYyU,104.14531,30.62882,2,2993
3tvsgdCzZLsaXH5MpnPpaH,104.1187,30.76118,2,1512
8tcHb4uWwR4cXkLGytNrFz,104.062096,30.585823,"0,2,5",1797
j7XZSnexPSKYtdBZnGupuG,104.10592,30.71637,"0,7",695
BDVDYXJytKNFDK3AVDpGDu,104.09429,30.68357,"2,11",434
5cE4d4qdNPnUPTVi4Rr6Wn,104.05345,30.65409,"2,7",472
m3rih9FvqUYhyLgM5uK9Kj,104.12024,30.663639,"7,11",1191
Kg6ivptYcnzzoxVcdYDr7V,104.08958,30.68067,"6,8",662
jmbaFTMHbFbgUrLBXrvxtP,104.074768,30.66082,"1,5,7",297
8fy4tf4KjWnUsJLtEsUdbe,104.131615,30.785238,5,1755
dqquL7bufg7q45sanfSLsr,104.105263,30.684494,"2,4,7",1468
CEcTudFe8BpDzbXxQYnffQ,104.124827,30.673825,"2,3",1093
DrNoaWSQXkdqdAr9yndhZf,104.18518,30.64998,"3,7",1184
oGXbnPKvAXatHsxFHBDLJy,104.03365,30.7041,"7,9",998
XPRJvsqNqV6dehkzPapM4B,104.05429,30.67199,"0,2",1365
8MX9JkKYhX9oCZDao85zZk,103.99612,30.73797,"3,6",1590
ATkSeptYc7CPSRFcdQTngH,103.99197,30.67069,"2,7,11",1682
MAyu4ChYMQP73VR8dHLXAi,104.052741,30.676705,"0,4,8",1686
TNVuAXSHZigWaqYVL6wHz9,104.08454,30.68185,7,1418
ALKuqZcnCgEdSeJVnFNmS2,104.03925,30.64611,"0,6",1811
YusyiQZXTv3qFcrvQabNGe,104.0438,30.67366,4,1213
FV5Jcvkm2NSgT4WMp9ibrk,104.008163,30.669329,"2,8",1430
mebD4ytPZW8zkubpmJUVrA,104.13726,30.59789,4,2327
b2iUV3oQ9xdsim6evKRa6g,104.09857,30.66527,2,613
LXB8xosHqDamkVuZgn6RDw,104.02921,30.64851,7,824
Urh9e4QjaiZ8Z85LWyd8gt,104.096634,30.705915,11,1097
PgbDf4HwrqSG7eYBiphcET,104.11009,30.69923,6,1138
S7jgfbmr6XmBMsKnXfUFVN,103.995453,30.757236,"3,7,9",2531
UmmA6peE5ymaWXb8gE5bWD,104.10488,30.68705,"0,9,10",1296
g6NaWv6JDyNhiewRr3iYah,104.12397,30.67238,2,1187
RvnGp5DRcys2EzpnXY8Bnd,104.07169,30.68068,11,1193
cpkFVRRtaYriaGr6xxNjKB,104.09563,30.63742,"2,4,11",809
em5SCXZemR9jKamA3s7oHn,104.05364,30.67759,2,735
5S9dVKQV9Qa3Nwjpn5aBE3,103.98582,30.67367,"0,2,11",1120
dixpY6WfeW876Ajz3q3j98,104.03882,30.705059,"8,10,11",2828
DLYJQANiZmLEJKp782g6vr,104.150375,30.655736,"1,7",1380
DbnaeWQvasWFjTSjWUKqRN,104.05822,30.71459,"3,11",570
PK46mLBLZGdvWzSiL9aAzo,104.09449,30.69547,1,1111
4mvQ8FYK3ezv7kmh8xedHS,104.02778,30.67176,"4,10",643
YoGZZQHDYJLA3mLpWbQtoS,104.08981,30.65643,"1,11",2535
ehZ4Fi9TRshyUozi2c2Arn,104.08957,30.64309,"1,11",932
LcSeFh7j7auXqLdAFZgGEE,104.06298,30.68764,"9,11",415
Q8k4RRQdtsPMoMgkhiv88e,104.03542,30.641931,6,1711
hPpi8UEdyYPFzRNtgUTYVG,103.98006,30.7208,"0,2,5",2108
fH6qxffzscnKrsAskFWmx9,104.04349,30.68882,10,1197
UCSyWZLCGRd4QzgG3V6j7j,104.11034,30.71045,"1,2,11",474
VhWq8jH4GvaZaqji3Efcda,104.05856,30.695,"2,8,9",787
hXz6hJGJjNy3TBQcDLEg2E,104.04012,30.70471,"0,7",2123
Doi7SasJrLdexgdF355Afi,104.08004,30.72003,"0,2",924
ARXPhMG36hS9JqoEtAYedQ,104.08556,30.65989,"0,2",1805
Uy9iQ5EEY75zoc3YFKSorh,104.01151,30.65068,"3,7",1836
8GFXPtyxwTA5y8kNVrutss,104.142609,30.610922,"3,5",1374
7NndUC5wB4NUPyvc765VzZ,104.018218,30.685432,"9,11",1827
EcaY4CyyJMDqCYMJmS4Jks,104.07577,30.68502,"7,11",859
XvisDsA96KCADR25MVmkYE,104.06122,30.66933,"1,5",908
3v5mGMqAXmZgXwtZqyY77C,104.06705,30.76279,"0,2,5",3118
TUooWbmgAXZosvzAhUhWrE,104.052634,30.694355,"1,5,7",1081
HcUFnzyrRbMFiVV888kZhG,104.17519,30.78096,"2,7,9",2849
PMFCcaMjqBDuWo6CEcE48y,104.04457,30.69657,11,1502
5VoZ9HdFG7RQ7WTDLcgmSc,104.091309,30.661821,"3,6,9",812
5SvBMJtv6iVdwkHsC94HLq,104.1133,30.68629,"3,6,10",575
kdEAwquvsDdwCMPG3QH3Gy,104.045837,30.673788,"0,1,7",2513
4fuaUoRT9szAaFLcYf9PTy,104.08168,30.66157,"1,7",847
ZBFLAgYWpB4mX6BPyJGZrJ,104.09188,30.6863,2,509
NvXgsjzRHEuFqejGVEVH2L,104.02589,30.69259,"0,5,7",1185
KhG5btsQXRQDxuxvevjyrQ,104.053919,30.764824,"0,7",2807
nmGCBnEJdnfzhFcjciWAUr,104.0379,30.70405,"0,2,3",1142
dvAupe84NHnVumiTXiRcoC,104.10984,30.68256,"7,8",921
AWzFwm7nBmr59ShydeYkSP,104.041206,30.651107,"8,11",414
i2ve2GuVkyGvt7A3JoC3eH,104.07642,30.65309,"3,6",1233
Wsjq6ompwdJR6Uxdsh24hB,103.99963,30.64921,"1,2,9",1895
BLHCcUa8swCJBPoWGFYJhf,104.09557,30.63731,"6,11",925
j4WqG74V7SXrg7n6GHSS4K,104.08997,30.65958,"3,11",857
ZJb32ysMrh3QeRqN4SogDx,104.091255,30.643597,0,1048
UsjzZryBp2S2fFnsmpd23W,104.11719,30.64966,1,1169
N27xkeAbKHQNTUWkKmWntH,104.04903,30.70697,"5,6,11",1135
2ktmZYcpjzsoMc4VedgnvB,104.060333,30.643835,"1,7,11",1235
jEzQJuLSQwcan3GS27M5qU,104.0401,30.66647,"2,5,11",946
eyhDuS6h8Rf3CVwQZumzaD,104.10845,30.70054,"2,4",742
ZcKPyRaBNz5gYfaq92uQwb,104.06035,30.7284,"5,7",923
KzXxqwWkBUs57H4Z4AU8MU,104.047954,30.663972,"1,2,11",1279
QdMCnYGa7UVuz9XddQhszh,104.11147,30.66811,"5,7,9",2099
kJhyFaBfTqPQutQzX8PnFE,104.03039,30.67902,4,1182
CcVtSj8JH5fL4yoeMrHQsM,104.09036,30.65417,"4,7,11",410
RMWqT2NANhz7JJFfX6k6jr,104.071579,30.701551,2,1936
nKTKpt9rSMK7iHr8BY3cGt,104.117622,30.643677,4,533
Fb2D8ftheNhYpgprnvkYdq,104.15436,30.65076,"1,3,5",1481
BSoULszXGBLKrodfywyEnf,104.02479,30.69356,"3,7,11",1575
SmY2q5WU2mhvELxa9nDYsz,104.065093,30.684111,"4,7,9",619
UDv5tD4xFvEJjfKKHZXwSJ,104.153214,30.63019,5,1364
5kWF74bWbXE499dFVQy9Mo,104.07213,30.7044,"1,7,11",1476
VzDgbw7HkKmmZfjoFp9NnJ,104.20992,30.57012,4,2455
JzqcMWxUzYqigMikwvX72h,104.05505,30.65668,"0,5,7",1795
ZPhzSxQmxWJmid5f7ED96c,104.032288,30.752199,"0,5,8",1795
fhWprNqcneXVdB2VvfAsjh,104.05845,30.58568,"0,3,5",1559
Te8amUB9ZRmSZJaG5jafnM,104.09395,30.659808,"1,2,11",643
izM5Jha8waxaZdPcENzzBn,104.08956,30.67107,1,1026
4ZTMLXp3yXeAdm785x334W,104.02308,30.67839,"2,7,9",861
F8zNURvwk5qjzAcTtjGKtR,104.130246,30.647415,"2,5,8",387
W5DQJAYoUDdrFQVGSNhQEe,104.058655,30.644079,"1,2,7",689
GfYLbdtSFiPtScvHPRfath,104.103699,30.65551,5,1104
HsVXAzgpSX36ouxDbyP6rg,104.05873,30.67399,"1,7",1297
cYu7jGQG6X2n3kSTsmcDtw,104.13961,30.64804,6,2681
PktyH7cJN6XNoWWFAxRBo2,104.072661,30.695707,8,1364
WmFXa2vWerUgH2aCi3k7tP,104.08912,30.65071,"7,9,11",743
dQtjLGCytGbs9SpqogPonu,104.05785,30.65916,"0,2,3",7
hN5Ajv9WVVamC9sLKtVqaT,104.04597,30.68369,"0,3",764
PQGE89NzzvDyuwCQLPhpL5,104.072258,30.69549,5,1676
PWnoJaD6WvAmUxnDrZn2ff,104.071126,30.653791,"2,3,11",465
DTGX8Lhjxp3cFSXAcKEtgK,104.04674,30.71708,"3,9",1587
kTStoYQUAjcF8wxbacGPs9,104.1052,30.66479,"1,7,8",652
iAbVeB9HncN8NT3GBn6FaG,104.17867,30.65227,"2,11",1822
n4tv8SMuugeEHyoczPydLq,104.063354,30.761642,6,1662
VSpraBkkzYA8FbsZAk3EYR,104.04454,30.71465,"2,7,11",573
PMm2nptHz9BWJaepKM2cYg,104.0494,30.676769,"0,11",826
Mw7f3m7y3ncfjUWDcW8ib7,104.022842,30.668938,"2,9",1053
mfyijtEbL8WYvJYAxBrXru,104.066031,30.770688,"2,9",1422
frooPCoswLDrgsf7y69s6R,104.10578,30.68642,"0,4,7",644
AET2L2pQDKrdv8u4JTQFPX,104.020563,30.695428,7,773
Wrc33Gk7K6GHutZyFTuiwn,104.11237,30.71529,"0,2,11",228
Ti6SSN6KFjrdZQzxLg3aHZ,104.03366,30.7041,"3,10",578
cngGGdUpeTfXmLhN25Tvxw,104.11114,30.6993,"2,4,9",819
DJxBrCbQApgtVLGepZB56M,104.0963,30.64182,"4,7,11",437
9zVYZethC8Q4GeiRUzB5CY,104.07184,30.67757,"2,5,11",652
HgdgBgZ5uBbqtbGE3T2HtZ,103.98928,30.65463,"2,7",992
WCzyQFxmHjumXB5JVPBPJq,104.0851,30.76041,"3,10,11",1192
33rCTtQe3ADkg4mwFLF7ki,104.033589,30.675219,"9,11",656
FMHLzzDMss9GBMnh9dJix7,104.04087,30.71376,"0,8",1731
3FTQrTC9YHgWSMDEzQ9JPQ,104.08368,30.68864,"7,11",1042
Ts2RybubFfCdf63PKhx7YD,104.011124,30.636398,"2,11",2533
bpHPyYnSJr7yFAkvmaEFhf,103.98586,30.7501,"0,2,11",2252
f78DjYXTKn39Ui6mmFVZBk,104.147989,30.654911,"1,2,11",1315
236SaDyTqkDZiBDsKnzb26,104.0827,30.64632,"2,8,11",1080
gsDs9Kwtic2a7B4UK3wsFK,104.057673,30.715284,"6,8,11",2905
SqSXgrVEMhwojdqR5WWKKU,104.079173,30.669167,"9,11",1210
LqTYREHXtogrtVoscVdm5j,104.04914,30.66997,"6,7",709
ZEbjmiLmXPLDeu24vjaqQs,104.068199,30.718018,"8,11",1204
S98GkP5n6JGfi9LNa3gnXc,104.07054,30.65445,0,1893
jbRWbSFCbAytYT4Sa6wn3K,104.108743,30.670775,"3,9",832
ixieTa7dkxNiQy4utmTQT7,104.076195,30.668278,"3,7",345
H7uaq7tjGoFP9xXLmQCjm8,104.08821,30.64769,"4,7,11",1101
69cRXt2zb4rgjuv448fq5L,104.06576,30.6837,"1,11",1435
YcLyiRoAgAQLAVku2uvjAo,104.06034,30.76087,"6,11",1227
RF9ocxM2pdxjENWnp8Sawz,104.08857,30.645451,"3,11",788
HzjWs5PG9HRvhJiANxbKSm,104.11293,30.68239,"2,7,11",556
TeiBnhC48CT8nc3UfMsBoT,104.113625,30.676918,"0,2,11",1838
RZjQayfF5uNeg2vUJ2qbDX,104.06205,30.76084,"2,3,7",669
YpCcmQq3J6CeipdP4QbarA,104.10613,30.65937,"3,6,8",1216
3QwfKiqAeyanTTs6cwpCig,104.03707,30.6508,"0,2,11",751
e3BLwNUC7gHyM3wrMaybRE,104.106552,30.645777,"2,5,9",2013
9cu5De8dict54c53uA74gN,103.923239,30.63319,"6,7,11",3730
3HGGfN8gKh73WC8ggHfBSj,104.085149,30.59911,"5,6,7",1967
8gXdorAnD4RPr6Kh9gLZgQ,104.101242,30.635157,11,1638
WNH6kmCdtmtYCwiQqdxLxe,104.0536,30.67758,"1,6",1280
9E3CDCmq7JjNZWcvjmzUn5,104.07098,30.67312,"5,8",867
Euge83vDJ6FmpWhu9Aq9z4,103.98544,30.68101,"2,11",1663
iUGwsbzsXUweLsnFiYpGUA,104.123394,30.799332,"4,11",2578
SZixaeViUv7So8u9uHZXc2,104.04198,30.7029,"0,1",978
mPa8vbjKX2htqBx8HfSnR3,104.130899,30.7814,3,2556
Q85KkT8g8LsZY965RBD2YM,104.028778,30.64842,5,1385
fDn76E9JcAyyhjiaMqAiox,104.076805,30.688225,9,2923
46qV6nVqqV743DSX4mkSEb,104.098801,30.66783,3,1752
kxEKpUGWcoRUhoe2smuZ3a,104.07751,30.63416,"0,3",1006
dxt75xJyiiv4Ui2PTH83Ts,104.05532,30.69078,6,745
LeUQJ3xZDMa6NQbsf22Q6U,104.06446,30.68923,"7,9,11",723
jKSNuHkkbcJQKUqwutxaoG,104.05896,30.714161,2,989
fPEiPc2Zak9AdbKadBPzFQ,104.11355,30.64692,"6,11",1584
iTfWurreiNso5GpSasH3TP,104.07184,30.67942,2,540
d3aQ4awnyXf6TqPg5mK6iA,104.11511,30.66789,"0,1",474
U77nN55j9SMJrSwronvurR,104.12559,30.6776,3,986
HLPoAPGLuBapiGqsUTxciX,104.066025,30.683409,"5,7,11",482
PNGjhjew2zwMcWozBSK7xA,104.14841,30.6317,11,1005
DAEKWP2HmpmNqxYPj8BNAx,104.058979,30.64567,"2,11",459
nc99navLK9ERXUigd9a5VX,104.05222,30.66794,10,524
RiSfLJj7JnQVhDfrH6y9cz,104.057267,30.675093,"1,2,11",2197
4yqLMwHzi2BE6XNo9Nd7R9,104.14328,30.59799,11,1062
48JopstabxkzytXMsVgusp,104.07508,30.81612,2,3447
EW6t7c6FBC78McJpMZAuwS,104.042686,30.698805,0,582
bax36amM6z2hfGVWs7cjAj,104.1212,30.62792,"1,4",1201
nzMgGWDqzbCaz8DmLmNRRT,104.06204,30.72322,"1,4,11",1245
fgLSgaArw6Mha8SCFe2S3V,104.092003,30.6702,"5,9,11",636
j3eKtHR9WBm53EEaCMQCiL,104.06308,30.68916,7,2617
QwsLTeD9fGpTJYi6KciYXF,104.046097,30.764124,9,1523
3NR7XFCfnKMWJJU3nyUpvt,104.066353,30.690636,"1,2,4",1409
MNiRSxkJAThWqzpvMnGTsP,104.04909,30.59007,"3,7",1586
8SBCKwEgZhpVUx6U9Zsr3A,104.120535,30.655453,2,661
nUKQ6kUo4WRksCdw6Bf6bA,104.112539,30.647101,2,1472
KwWhVS6YQd9FWHJ2TZY5xm,104.045341,30.684868,8,1478
jqxtQJ9URwkN5WpbgtosLm,104.0852,30.66005,"0,8,11",1001
QxdaqVX5S884VKbXFg6Ptj,104.110291,30.666374,10,425
mzFVbgtN7z96LDEzM9mfHB,104.12913,30.61805,3,2053
S5d7yKhWqr5YwX3TSF77up,104.06953,30.66946,"3,5,7",881
ELGG8RXWhj2WuW5NtvwqQn,104.11063,30.66891,"9,11",961
jiQokkEXD96nveRhfuwkJ4,104.06638,30.7679,0,2216
TLobq5jvtDDTjdd4YpxBfW,104.079544,30.644178,"2,5,11",1317
2QgN3NVduAbNBNSfRHSVyz,104.11518,30.65541,"1,2,10",1331
8PugTX3wRHKWMKYcB5htnw,104.10693,30.63846,"2,7",576
ZXCUEoNCZAPmQ9juhHKp23,103.952217,30.628254,"2,11",2989
mhFwvTbzfBF7iqosGcUkEP,103.99176,30.66688,"0,6,8",1222
5DXwQUL62GDvCuZWzA8gck,104.10482,30.67986,2,1238
DC5GYeFidytSKVkFq8b3ue,104.08026,30.6432,"10,11",464
4ZnGYndMFkejHfZLPWzsAF,104.045845,30.731529,"5,6,7",2079
D37gxCvCHzNGst6tyixXLY,104.08496,30.69016,"7,11",1130
GyL43pYTDUfBTDNvhdapdD,104.08055,30.67896,"2,7",1374
ThaDW9SLUNE3tTkb9ZSQDr,103.97813,30.82035,5,3650
GUERbbijhfgPAZJGbTx4C7,104.0687,30.76185,"10,11",1011
PwC2Fr7wPRbV63SKKVNTcZ,104.05655,30.68553,"2,8",1034
fgjD6HkTTZWWKkGW2fSiEh,104.10405,30.698469,"1,6,11",887
QKhR7facMLXotMrzJjVWdB,104.05522,30.6655,"6,9",774
YEw6XkSxUZHs6U7pu63Xkt,104.1459,30.66305,11,2291
SCYWsEHmJ9vNnnmnqMVrLy,104.01292,30.70418,6,1062
BW6s2ch9qHAGM35bUz7qYn,104.11315,30.61611,"5,6,11",970
Q7gzYT7XywrMkxwTYwWfy2,104.10497,30.65501,"4,6",1405
kuJuRuCwsz9wPuAenAgDv3,104.040352,30.75304,"7,8",1920
nsQ6ySZmYCPTdj9my3SMk2,104.12407,30.63077,"7,11",1098
hKdYVjtanVqDeLezvtmqX9,104.10453,30.66152,"0,2",1441
DEH7QYgkS395XuJyQjQqMQ,104.05658,30.68918,"0,2,8",1709
a8keLThh2gCRrFehc4Sy3b,104.09365,30.55191,"3,6,11",2898
hbwPXWMRwdpnHtHqSWkQDg,104.0493,30.706609,"0,1,6",922
6ARyL3aKtNcBA58gKe3sVA,103.99151,30.57122,"3,9",2138
ZvYJJH3Zipn4vhRkN6ntgf,104.07454,30.66431,"3,5,7",1269
XEqHXnG4rGcvNNi9PNxAF7,104.087325,30.684217,"7,8,11",1133
mon4V3eSYhpz7iqhg2HRut,104.0245,30.69222,"5,6,9",1399
NZasqhTcQFJtJ2zn6W4KK9,104.06679,30.65307,7,1749
Tpn3m8LCRAajoL7VnRp3mu,104.035835,30.683203,"0,7,8",1310
A8moQ7VXzZftju58dcS5NP,104.11451,30.74602,"2,5,6",1508
QsufMiov8zzHmbSZZX8nmp,104.09028,30.6935,"5,7,11",2151
m3ZztwJABKU33qfWDWQsRq,104.03285,30.63934,0,1124
gvejwzhMrZrMasaLBUCoGz,104.024452,30.676397,7,1124
hjLQLcmF8DnSVDgCSZn5Ba,104.07532,30.64513,"4,6",515
YeaJhCdzawV3yjPKotCuib,104.09889,30.65474,"8,11",1844
JFeodEWagwBK4CPYpLdupZ,104.118607,30.661465,"6,9",1064
GbQHNWvUsz9DZCQG8oMeME,104.169502,30.70422,11,2134
ewLSaASRJ6nrT7ysUYHG2n,104.070503,30.71711,8,1509
S5yfmxEBjDKDN8eYPZDtrM,104.04226,30.71861,"0,7",438
Ho8dYGpzLxnYqcyTTjQHdE,104.07445,30.66277,"0,10",690
NrNZu3pTjyMG3UezKn2rJG,103.999199,30.675659,4,2004
MEze3rnCUzXQAySCGsZn7s,104.11469,30.70238,"2,3,7",2364
TcCr5Tn4cKZqkwF333bq2h,104.04619,30.69275,"1,2,11",926
D2wodry7e5TKpp8h5MBkNT,104.00024,30.66997,"1,6",1075
LoT6tCjQKnoxQxjjeh6WrU,104.077583,30.665014,"0,6,7",1085
8L7L3a8DGP5Brq25SSC7Df,104.073303,30.6556,"5,7",692
TNb545zZp6paDjv9X4QocD,104.08675,30.662215,"1,4,11",1852
hUaXwGVRo6GAtKtgPWhWjm,104.076857,30.688175,5,2526
dEoRTXVKTR4WwrS76U8xZw,104.04479,30.76164,"7,11",1450
98uTkJ2VCLubzpXjwnA65s,103.987099,30.67592,"0,8,9",1488
Lcko9QD3FD77TT9VjSs9jK,104.12573,30.67136,5,725
8EoVRDjU4fGVcxuDJEQnuQ,104.11718,30.68334,"3,5",1788
Jk5GJtzfaZX9vBgTB94xfB,104.11419,30.71113,"5,11",932
h5Px2xJ4p29F5RK66K7CjC,104.14724,30.657,"3,7,11",1847
LvupZt3dEiTqxiLzbujEie,104.05601,30.6561,"6,7",686
frC52KnxVVNokquqcCNAHZ,104.06398,30.66955,"0,11",1074
BgLctjfUUfYbuYf8QsqEkC,104.063789,30.654732,"3,4,10",790
M7pYvmgcB53cyF7RjrNSto,104.019501,30.66642,0,1185
9sCt89i5WNDHLACwkk2Sqx,104.085807,30.650862,6,1263
5ZBaiqvfZnNieoBG3Hq5nT,104.11142,30.664421,"6,7",878
f3TuqtQyGhYhAktgvuEhz7,104.056037,30.678931,"5,7",1781
PHC3Ax2mATEzHYX3hv29KM,104.05274,30.65378,"0,7,11",1636
HajkUU7NXfBZEvMHWDccmS,104.04495,30.76156,11,1070
62XiyGbUVtUrhgWQ5HqXBt,104.05753,30.70014,11,899
faLn6LWjF2Qro2U6vJZ7kj,104.119156,30.6597,5,835
L72SspMPrxEuCygWDURBxm,104.06975,30.69435,"1,3,4",1559
mgqbViHdPcDAgX38dzxHJ8,104.0599,30.66684,"5,7",947
DjCtKdpYobbME4kxMXWRgu,104.0973,30.68318,"7,8",914
gV7NS2VUgBmGFbYUKQ9oTC,103.996531,30.647905,"0,11",1985
Mgtzko3xj4fAMH7kGQ5RNu,104.11743,30.66102,"2,7,9",484
kCVnii5CZToxRzHvzo4iC5,104.16244,30.8213,2,2747
HVukmz8L5jXxMh23jNrngb,104.03099,30.6871,"0,1,2",544
CiJV7jkXsHo8PRzWfkbYrC,104.118768,30.617542,"7,9,11",1794
eEKPvxo6WpVQ9ekmXm72KE,104.056198,30.673641,"2,3,7",1375
PMVn8zxxnLvJQZjHHFzHDq,104.07882,30.66679,"6,9",1530
NLS3ZwmHVuLcssRBVAqgNv,104.028893,30.727265,"3,4,5",1832
KN5AGT8M2UVP37k4SVuEB2,104.052162,30.672609,"0,2",1693
kHgLoFrQztTd25vLvJ9T5s,104.07098,30.60432,"4,7",980
R3DWjgFdx2R7eURSojWE47,104.159027,30.707478,"3,7",1481
CteehuV7Mr7RLc5uBKC2LZ,104.07616,30.65702,"2,7,8",2667
j7ot2yAz4wHJGxsxDsmXMv,104.10486,30.69517,"1,7,9",769
DxaqAEUVDanYFqnSep4PtL,104.06716,30.76581,3,1919
DEnsBJTgFUoyBLhW2JDBan,104.072304,30.65786,"0,11",1141
3mnoeP33aKR57u4PsFAq8p,104.065515,30.668639,5,1460
jjmxgcbK2gHJQrGdeRjggg,104.02014,30.76966,2,1718
DD9AEHXLzCipapQAPDESGu,104.053467,30.6542,"0,4",2378
aLv3nLBu6YEvxJ36eHgLtU,104.03351,30.67512,"2,3,11",1311
3xA8a5HogdNAUj2jAzeTNM,103.99002,30.622,5,3089
2kQ6jLTD3zd8L6Pfdypg8v,104.055628,30.694413,2,1382
FM5bgJ6K5SaKQz7zupGKog,104.10526,30.720509,"0,2,7",401
cm9JQAXzwvRxLdPjkackxv,104.042941,30.679031,"0,3,9",836
RoLjWjuALGWnrWLCMDKt2u,104.0307,30.74229,"3,11",2806
NJqqSpyeLDDWTumMadD7J3,104.053641,30.548309,"7,11",2662
nhvx8EVfQL9aookZrQ2T2v,104.112818,30.665144,"2,3,4",1021
4bpgMaYtw6bdeciGbmih3Q,104.05478,30.68963,"5,6,7",1148
gLMJF97aWi5ABqCJyCTG4m,104.070702,30.700899,"4,7",3663
TqdNEapRQ2WjVP3MoTKCwc,104.059281,30.666774,"0,9,11",1058
43KHSYWN4s4JUNyoyeXzdh,104.10764,30.6618,8,1306
2QdSSozvXk9vPpXimujsyJ,104.11541,30.6858,"5,11",1006
7ipHfM4jG72v7bdbZTdiRP,104.071175,30.659321,"2,11",926
GsghM85FiuJVFZVsFPnPeF,104.052172,30.666199,"0,3,4",481
CNy7p6M9hE7GLNsumCsYRt,103.98395,30.71338,"2,3,5",1606
gJomJftFX3w6kAHjtfzXdK,104.07697,30.66078,9,420
DYxbTcYdk4KgHvkk3ugZfG,104.04931,30.63895,"5,9",925
fDhXsnFGVEBM8wZXMRgcZq,104.0991,30.64845,7,1603
iLV2DeyfcoZZNu6Zjk96X9,104.04616,30.54083,2,2833
7wRN2FMwXfNXBN8PCktiRr,104.09626,30.66234,"3,7,10",364
ThU2YGJUJx4xJcnQXF68Ww,104.1228,30.6481,"2,3,6",1079
VoxMT7Nv9ARyM28vyRHEuL,104.046294,30.683389,"6,7",1940
UPGtWEEEwiVHK9avMGrmG9,104.10621,30.68316,"0,7,11",356
cpJmuYiTurCBzun97bk6tG,104.092529,30.652152,"0,5",1414
LJLMMXSF2cidtbq57w5YFS,104.115402,30.633699,"3,7,11",950
6fQaa6Xu9ZRzaA68PXsn8f,104.02215,30.7738,"8,9",3458
nw2JRVja5ZhhvdAQ3hSaj7,104.12495,30.67298,3,908
L8C46L8qLFkuNtUDHfxUmn,103.95357,30.68373,"3,5,6",3010
W56Zy5tneLCdtKsfxNE7dm,104.12732,30.66278,"0,7,9",1668
Z4BUq24jYbzWBSt8rm2rwy,104.027817,30.728863,"3,7,11",2248
XPnnJd3ccQ5ikDfd5ZXjxj,104.009699,30.70718,11,2347
CugkCTEZPyRZuBQRCQJYQg,104.015,30.67673,"1,3,6",982
dXoFQM3iHNZZ56EP6CzQoh,104.0485,30.696131,"3,7,11",871
3ec7ExZXf6pdsKuoiawXUZ,104.04345,30.67498,"2,9,11",884
3dC9tojnoybG5mRsBWJ9pf,104.104668,30.646088,"2,8",783
dBksBAjGwLUvz4w9CyqPPP,104.05019,30.69355,0,1203
SXdrojjBX3WDFyK32YKwWk,104.09411,30.70798,7,1658
adPGApTHeZFtFjD4K7zTPd,104.08302,30.68486,5,1057
h5Q9WfPk8dP7PZgaM4CTH2,104.175929,30.65282,3,1123
2k5euYdX25YUPtgZp62B9C,103.98854,30.66578,"5,8,11",1101
mR39XHTw2pJofXHbCM74ZS,104.084634,30.683342,"0,1,6",1474
Fn8iVK9hTEaGWbgKZcyFx7,104.023155,30.626753,5,1340
fUrCY2RNsSHtTjXASjgW89,104.073776,30.68836,"0,6,7",1256
fPocauS3hiyWEQGn7HssmS,104.055702,30.76092,"2,5,8",1500
Ra8LjqnzqvDbagHgXjEUj3,104.042618,30.707008,"0,2,6",1339
CuUXZUj3KcXAtAvHyRQuk5,104.07844,30.71438,2,938
oPvkQctPHuDWwbqHFkYBKu,104.090401,30.648069,"2,5,11",1786
DwsrGajuawuz6DShasKDn5,104.0806,30.67317,"2,4,11",1454
gDMDjt7eqpFRtuEfDSe7cy,104.08395,30.67729,"2,7",564
3MrMpi2dNsDYTp8oyVTRUB,104.10317,30.61105,8,1120
o7mJfkiDLaE7K528MqbBG4,103.98766,30.7506,"2,5",3817
NsawK62PtKZFczeuJzzd7m,104.049255,30.713608,"5,9",932
JJR3ddwpphXUKhNoQWaL2J,104.085199,30.672211,"3,9,11",1090
6YBD2VPDBinJnDjBo4Vsiz,104.00885,30.624247,"2,4,7",1893
5RV7PMcnnqkKqohcQy8xac,104.05019,30.71896,"1,11",1367
b45aNoAcLvF48k9Y6fRepP,104.059532,30.643543,"8,11",1601
4rkZGNjpYLALNseUvNW4xr,104.028603,30.684549,"5,6,7",1382
mHWkW4JMX2pMBSnreChDkC,104.061928,30.66193,"2,9",1716
hCVPAyrBF7MEFqEFEeWUaz,104.0903,30.65423,"3,7,11",286
bMX5u2QRpm8vYZgzrhdPRr,104.02902,30.66231,11,1022
VzNvwubwktKMhxaeYshk8s,104.056438,30.722926,6,439
XaZYBYHYzPN36uVFxbMqKW,104.12425,30.67065,"4,6,11",1367
LVuhjFo3wc3z5d6wsUVf7m,104.01596,30.69754,"2,5,7",2009
A84KRZM8BQdGesN84cofQZ,104.07528,30.65584,"6,7",1077
NtXceaR2HknPb7A3XtmEAd,104.04069,30.66187,11,814
hFxFgNYhjVGueuqdtk4M7T,104.06906,30.62061,"7,11",1211
GSReEqmcJHVYEb34TrLziD,104.07841,30.68814,"4,11",3043
kECpdyFutorNEHx4BYRB9s,104.08858,30.68254,3,810
Wn79Za5tc4KpAfYvxb2omo,104.00943,30.66481,"7,9,11",1679
jSSiBXgtLJoCjvpmjv7X59,104.03994,30.70161,"0,1,5",938
aBcX6kNCBqnQh8nmAgRTMR,104.15575,30.75379,"0,2",1410
4MPGNL8duWkawFusWnNmm4,104.05978,30.72076,"1,9,11",2190
GcjJmWNDTJSnNUGsNfaSXH,103.96584,30.73788,"0,6",1410
faiVt4iYZML9mVEHit2cCo,104.076637,30.629611,"3,7",877
S2zgyRjwD73bkBT8PS2RXE,104.072861,30.594912,"1,8,11",1974
g2QeL3y2Amhwk3Yj6fr4iu,104.12513,30.67282,3,537
HM2SPtbTGhGZoHZtmPryb7,104.13251,30.66076,5,551
Rq4XDgCtUDWzX29zs55Tjm,104.11498,30.61092,"1,5,8",892
NGtP5SUeTAiaFUVxZHUfNb,104.045441,30.675499,0,1655
RBeeuQbX7ipUSsRFkDCxkr,104.063301,30.694864,"0,3",866
JbgdLuesnyY3nu6Jq5BWj8,104.10182,30.69934,"2,3",490
gWQXXXu4UHYMHziomaeAMN,104.091423,30.706497,0,972
kiFB8aDPCXUy6cTxHxFbQD,104.060938,30.6717,9,1372
Ac6eMjeJLN6DpUdu54y8FG,104.094536,30.659332,"0,2,8",2594
nR5DKAr3fKNv2vCiarR43Z,103.92883,30.78019,"0,5,11",2276
Zdj2PtPK7uSWcRVh8Rv8Ui,104.10905,30.675,3,941
kxkSRg8Pe3A52VCXJ32bNh,104.04961,30.62496,"2,5,11",1209
irkvGUx8cEx7HGFzpXq9Hn,104.072825,30.708976,"0,2,9",462
93i9LEi8J3obUxaj5ccVKv,103.98728,30.5724,"0,2,5",2282
Tq2hACuejq57vscS87Q9W8,104.078139,30.665422,11,354
7ESs4xmz6ihgbK8fZEZwiw,104.03983,30.66595,"2,8,11",408
ksjro36TESpxuqYAA3pvsN,104.0522,30.668146,"5,8,9",835
FzLS7GhMxRkzqRfuRgydSZ,104.04297,30.6843,"5,6",1633
NhZCgwoKJosUxGqgr4Xyau,103.9116,30.61761,0,2646
eoTcPQfGjiNqAc6if3yNAD,104.06639,30.74555,"2,5",831
YKJwMU5CoFRLBGJzp7TujH,104.040612,30.662925,7,1053
aNaAJhyFojPiJAn8k6deuR,104.09479,30.64776,9,562
ncYn8XMkwDPpo2EdudDGtq,104.000239,30.6595,"2,5,9",1291
RBd9foFgCAndpfbTuxQYrL,104.12148,30.64421,"3,4",531
JscYLUMTuNxY3hks74TY4h,104.048187,30.67557,"5,6,11",1065
PZufQWiSpqNSfFqfKYtJqe,104.10563,30.68467,"0,2",531
ZB7DnmYddgkZMk9C9cWi4c,104.035428,30.558421,4,2054
njA8XETwHzgmLpddT9vZuM,104.0747,30.67038,"7,8,11",1004
HbBo7hhQVm2VyPUyoGJSq5,104.05567,30.65874,"5,11",766
oUnEV3xZaRGnJkAQmZyCYp,104.08655,30.76187,"1,3,4",1468
EByRYwiPKyB4CaGC74CE2b,104.10886,30.67061,"1,7,11",1245
do56nzRuN3mCQec2dcoQ8C,104.05726,30.6347,"7,9,11",995
Z9tWhhW6cD5mtj9WR9pDGg,104.07075,30.66548,8,1134
5Xm5VoTAwgM6nksCQLEiFx,104.074201,30.695655,8,532
YdYfbKoXPNJVzhtdwhzd48,104.04948,30.66181,"2,7",483
KtcfiJFBAtquL6KKfoRr3V,104.11294,30.68238,11,1481
fbiBEeCaFeWdvUAFettCCL,104.03964,30.70996,"0,1,3",930
22thnA3hgKCSiFPdSr4STS,104.055428,30.768679,"5,6,11",1825
TvYhKoYD3pkXFZndhBLYLo,104.03862,30.62293,0,1338
MdpmcCEywkxgtHam6hF3U6,104.108339,30.715831,"2,6",1108
dwuUjNZ8Mhzz99wE75pN5H,104.075698,30.695897,"1,5",1244
XoGwX96dfZrDzEeMFQNq6E,104.094245,30.689782,"1,4,6",461
PkNNcD5UHEQCCfcFCTZgWq,104.0039,30.70492,4,1061
3m9iBiAhHZ7MBoDM8dWwLU,104.04983,30.727701,9,607
gQB4avDuyzMxrDPoE6TxZe,104.07882,30.65754,7,2228
VXkcjfzn5rsLXSs4kfbjaG,104.10569,30.68506,"1,11",453
UszncChctYLEUquRzH8UyZ,104.07571,30.68508,0,854
dgUcPrQGZ92By5ywnfi99R,104.11392,30.70461,"0,4",828
6eJGZuosWuf2r2Zmh3252z,104.08637,30.75467,"0,2,9",1831
U4UJABDd5yTwzT7pxydBGM,103.96176,30.67672,3,1390
Q6LStR9zCToCF35RfkwGPF,104.072155,30.655225,"0,2,8",768
JTL2jEmts7m9FMX7gc7MVJ,104.07908,30.65357,2,1104
3kewhpxR5nCMAXpBmdE34c,104.08904,30.6413,"1,2,7",774
G4pNy2EtFvJzDkZMYzhtrJ,104.040755,30.666038,11,329
NsMwY7NSFnrRshmWFgupXp,104.04109,30.7007,0,1376
YSJTDjc2p4ugt7mjyK7RxN,104.040394,30.620987,"2,4,6",1231
YEpxrBAYZzYUk28gMNosq3,104.003067,30.709789,"2,5,11",1333
jo7QbDtqkrPidq4MFCqhaU,103.99502,30.64894,"0,4,11",1810
iMHEZTYQaXz8fmpCekDKV3,104.07194,30.6794,"0,1",942
2RJ26mXgnoK96zqCk8VJqn,104.061211,30.64045,"7,11",2856
Z7QmExfQGNJyXaVkz5fjoc,104.05055,30.77242,"6,9",1012
LRhppydJDMfmdJphAWZ5HW,104.0855,30.69137,"1,2,5",1185
bcGcA2r4CnQMpsPKXPiVZH,104.04148,30.62726,1,1145
Gi356BNxzxnzRvpJRWxign,104.15914,30.70694,"7,8,10",845
HP7xHJ8Ay4PMrdt2ZtpKAD,104.110901,30.672029,"3,6,7",1005
mvBJ2L3Jvxy2YNdzLqPRkT,103.96296,30.67035,7,987
bwcihdRf8XAJgnVLaFs9Kb,104.08679,30.69304,"1,11",1004
PApnksqd4ZqCmnk7gResZV,104.10489,30.65502,"1,7,11",601
cJCNoJpnz6qKjdXcP8Gavy,104.07842,30.658052,"2,11",3062
J96txscAgTQ3jWXNQcHmJ9,104.11138,30.67534,8,1218
g9R6DMEtLVm9c3r3TVuJAC,104.043794,30.698039,3,1325
T6EZwfj5zW7uZqqqHxue73,104.07357,30.64881,7,267
ENsPNytvvhUK4UuMTkkSZK,104.12159,30.64442,"2,6",709
TnzMUj5HM3Xn6Ay5isxiro,104.098,30.66406,"1,7,9",545
YRo8Xwzx3SLQZ4dHBRqN9D,104.044813,30.701675,"1,11",590
UWUeu5g2pzmuqzTa4CoKiH,104.06248,30.66385,"0,8,11",1274
FGs8wKHYsgPquaUKcFMLyp,104.118301,30.661396,11,615
Bhr6Qy6FfJkLscNQXMf8Uv,104.163872,30.627401,"0,5,7",2094
9G7nAR3fV4gLhUc5egtmbT,104.073699,30.68726,"4,5",1688
LKksmbMoCMwQ9iuHmP9uYt,104.049438,30.668699,"3,6,11",1837
Z7k2LNAZt6BpMLe3HSjFir,104.0765,30.62929,"0,1",1086
Yf2jKtbDmYwzLLEajeBdtv,104.07411,30.69028,"7,8,11",844
5h9UHMzeHT2qSijctQ9inq,104.08666,30.66145,"1,2,7",1904
2NxdVVAEFs3wTKCjetKnSH,104.01412,30.64439,"6,7,11",1307
Bcfx66ZGzAJrCSVGcq46Lw,104.103867,30.704527,11,568
DZaWxchwySK4bn3oSTa7ct,104.09471,30.63262,1,2545
hEQsFcL4WpzjMqJNMt2Hes,104.08824,30.62138,"1,7,8",1104
4c7rNPDDD7pAzj8dWQeEZ9,104.055275,30.678652,11,1464
YFSoPA2vi2t6KYnUHy8Gzc,104.06882,30.67361,"2,3,11",1223
ah9g7o5nUreGvVbmURecEH,104.073721,30.687588,11,2928
9ZNdNgq24K8yAFP6REG3VZ,104.00139,30.6377,"2,3",1575
B6uVZXN5J8MYwNPtxiApHv,104.0338,30.63724,"2,8,11",1834
EWo6jn5Ver2JirPLYggLzp,104.08451,30.69449,"0,10",1126
nJYASzcZhifrfFK5tWtoca,104.14676,30.7327,"1,3,5",1873
YncwVwQ7regDTJET2Jk2bx,104.04439,30.6305,"3,6,9",864
3mKG4uQNz74zxxbkwSV9Nz,104.066673,30.623301,"0,3,5",1038
JxKGGFUXujto6qn6kpj5AH,104.08535,30.693966,11,1018
jnKNbaLgzXJpZfpT8xNTjF,104.12775,30.65861,8,515
WsQUvC63dgu4oEc8NdUw8U,104.0926,30.65797,8,1704
3r3JroyJXBmdcAVLBkZT5a,104.04528,30.550978,"1,2,4",2040
WsMgxtUny5LW7LBCadDQVz,104.084116,30.674009,"0,7",629
VB2CyboKvJKTiF8k8bBtGu,104.06554,30.68323,"3,11",823
YeQfPrsvXH2rsBHcgypUGL,103.98444,30.71855,0,1808
FNMos6bwzSuWaDrd3p36VH,104.07281,30.64943,"4,7",827
hBwV5Q4oAyPqd5WzCuPFRa,104.10951,30.71192,"4,7",692
fnpQtyPqPQvDZu8AJyTxKX,104.0631,30.66695,"2,9,11",1685
noNqYhU3HLpPbuTCW5ThHi,104.029099,30.634201,"4,7",4597
c3PhDLMUDCnRLZGoPebFMu,104.04094,30.61674,"7,11",827
ZB75x6fmLfSFsbcrjzEYMw,104.026543,30.723909,"7,9",451
o9mP2QGWW6R3evTsYuS96G,104.097724,30.7044,1,844
biSCtfhULLNaNrr7EPCccg,104.04077,30.66671,9,226
VErX9NybQTLWPjzDePrbcm,104.03904,30.69498,"4,11",2282
7cMupkqUi6PfzdQ9gz4DCX,104.083279,30.652719,"1,5",800
nZfbXcfiPJRz3Ztort7Y4n,104.118996,30.658386,"3,4,9",1689
hLbykWvyoVrzQvoNKY4K2a,104.05999,30.72179,"2,5",340
4GnRor6VZ6QXEDwB8YLqo7,104.03441,30.61644,6,2224
FjErAejfgWcmEUBbTDKt2g,104.06242,30.66502,"0,7,9",722
F6fXCZoUaRtEL3nm53t3Wa,104.07195,30.65537,"5,6,7",1402
aRDSTLtymLUaiMrjexGPPB,103.885033,30.62089,"6,11",2954
FSDgQuxyMByxvLSGkqHNAE,104.0591,30.66066,0,767
WqtqYi5ptrbboB5zkJDRmX,104.00554,30.88373,"2,5,9",1947
frx4R7o6PZ9m2LNj8h2xcV,104.09368,30.66044,"2,7",1129
SbzuQe9k9LDGg8LF2TciQ3,104.0714,30.66908,"3,5",598
JpGtXkGXeLXRQQ6VXdw6E6,104.21012,30.57689,"0,9",1854
YmGuDF2QFetakg4Vj3vza2,104.06135,30.65195,"2,3",969
Lgir9c38TaXRHA3wJtTbxS,104.10221,30.62381,"0,2,10",1424
bN6vASX9Q7fGmezXRPfGEV,104.078888,30.721565,"3,5,7",1082
TGkzh5yu5DYjLMNkMugbkh,104.09221,30.64355,5,550
5YL9rVTpVXEKviXtrEYVNg,104.039194,30.630703,"0,4",813
VcWRZG2DDvPNTdkH7AxQja,104.10174,30.6639,7,1053
UX7kG27ERgfV6zyWZTjACL,104.081735,30.656378,"3,6,8",512
VLnwfKSDineNrkdwwJMHhw,104.07235,30.70276,"4,10,11",2545
fxWp3Jy86ExEztrSsDwWSe,104.08637,30.66092,2,967
56dcMsGRv23JHNhrJW8cFf,104.04065,30.66341,"3,6",843
L8f6bY3mJuvXodAK9Nksw2,104.10427,30.63638,2,781
biAqC2ChYukAH5aBFEpH9v,104.02672,30.68791,"2,4,6",971
PL9VBV7gMwsAxqng6oBx2h,104.0886,30.66814,"1,2",491
NSkaZM2epmxqwL25ovGJiT,104.0727,30.695681,"6,8,11",967
kAdjjtgTZCsrUZs357cwmY,104.115074,30.71524,"4,6",527
ikDJt9ZSBLCPTtzGwHiwe5,104.11049,30.68878,"1,6",1000
L2BLqM4iMb7mhTfCoXhYAc,104.084953,30.604582,0,1460
QMH7yEX8DHNg3RbbJjWM4Q,104.063897,30.669077,"3,11",973
cjUUahawTJNJyHC6covDpo,104.11999,30.79829,"0,2",2317
VYdWBhaCE88YdPV4GfXCbY,103.99915,30.67539,"5,9",2461
XkKbNzKQj6wcg63gdpb2GP,104.084046,30.817998,11,1695
cahBZkXFSkTmasvyyhiMhH,104.062637,30.641024,"4,6,7",3033
CpfYHK999MKT4yH2oRT6J4,104.07225,30.696344,"0,4,6",2181
n4cAcdvAJzfKNWivoMTPu5,104.07365,30.66893,"7,11",789
aKnz7isa5zh6WbcEcbnR29,104.04734,30.69052,"0,3,9",1543
7DdUdFVbAWb9AeTbn3W3Hg,104.04534,30.6937,"2,6,7",1181
AfctDYwUCLiQ9sizjEBvRY,104.08511,30.68237,"6,7,10",742
KRG7GMVubvzRidCJuAXWyq,104.096489,30.708595,"6,9,11",1980
mT2YZhJas7PB8dAvU9L6aQ,104.09348,30.65903,3,663
D3CDmgCvN7jGR2fH9h5vFu,104.09438,30.65577,"3,10",601
8wQpCGjZreiLTkTDaCtKfP,104.10343,30.70516,"6,9,11",637
N7cH6DbUPUcLoy7LQudmSP,104.16842,30.66361,"1,2,9",952
iU4JES4vcGfg9RKgLSQxuc,104.12756,30.63617,"2,3",2200
9BsKgWVsy8MsE77UmfSBZN,104.089485,30.681808,"3,5,7",1008
Nhknqu4jqSS3PYfMefpyp2,104.0425,30.69184,7,1362
gA5FsHA8bAMBcXprAoqA2p,104.104507,30.711468,0,560
4TKWRdZMgEfx5QDFPjySGr,104.09668,30.64954,7,746
PzSXFBrDBJyNKsYbUb9xa2,104.02628,30.74824,3,1367
U6bNvkiX5SWB3dTV8HRzxU,104.027885,30.662247,"1,5",356
K8XAgED6CiV9uyPUSkSsm4,104.07119,30.6718,"2,3,5",1393
WStPRiiyPSWqqREmFnvH3F,104.130846,30.659832,3,1185
gXkzVgLdFJLG3Piqihsw2r,104.02261,30.64783,"0,10",867
QLwMVjbbgAWwwjrYmQucKw,104.04131,30.64609,"8,11",839
gYy4qmYVGogmQLETvPUdi7,104.076897,30.67511,"2,5,6",1180
b8YrJ2jzeqa6tTprdLquVj,104.07571,30.68483,"5,6",845
XPeJgaAqxJA5LN6QfqtPoU,104.10031,30.66818,9,825
BB9HwyAHdLyY5jtNSY59Ma,104.06199,30.57521,"1,7,9",3775
Uinz27Q2DAarXStwWGY5vD,104.07865,30.70056,2,1010
GPiBj9s6jKcJ7JB3L65WFT,104.073227,30.691896,"5,7",2188
5hDpJRoQfW7oiqsMKEpCvi,104.05275,30.66074,"1,11",863
c8vWfQwNmxC66NSkVT2FYC,104.177582,30.652376,"3,9",1065
H6fCDVbfLMpZefpvy6pGc4,104.03639,30.6928,1,1705
7XN4SeAJCbXs8DjhuogKsw,104.083244,30.685942,"3,8",1692
PNQmarKzZr8pxxDd3kxaNf,104.06787,30.53546,"9,11",2185
3cAezLh6Kr6LKVTuWYZBzP,104.058708,30.722368,"3,7,11",548
oJxh8NBzFSQNbwVkkeznYa,104.04613,30.54939,"2,11",1907
74wgNwStNqd8aReqi5PcPz,104.01712,30.67505,2,1171
H25vgXiTeGUimBoLC7G5sd,103.992805,30.60944,"5,6,11",2137
9Et2uyNxVWMmghLj3y4BDk,104.0796,30.68813,"2,3",892
i3aGokiSKoTMWvupYDdK8t,103.99202,30.67068,"2,3,4",1833
HvDUWzinRfgMjcaBsMXxuf,103.977928,30.620302,"4,5,8",1312
7KKPvfgVpo7s7BNunkL98C,104.10958,30.67227,"1,7,9",1151
Vu7Efq5wTtbq5LRRMmjmux,104.09119,30.65624,7,839
nUUniwo5ezowrUFwbgTMNU,104.06564,30.66903,5,1597
Bkf6rXBRkoKfe2EtSah8rc,104.07649,30.69026,"6,7,8",1977
G6JRHJYdHyEADv2FAMWXMu,104.09419,30.66046,"0,9",1518
bo9ePauphPtQWtsJJnTpHs,104.10719,30.66773,"4,9",502
3Gf5uQ6J2QekzJD4kfGSME,104.080101,30.65453,5,561
7xg33fvmPkz55qoTSvrGVM,104.06913,30.66726,"0,5,7",1130
RfYyPbTtxGX2dCQn6AQeE7,104.0657,30.66937,"0,11",259
BDpthAKd5JA5EdpXJPGgxM,104.074555,30.69323,9,501
iXjhCa3yzWjSG7SevDNMEN,104.10441,30.6363,"0,11",603
iQKw9qEw6JTTAwPC4YE5Si,104.11713,30.65101,"5,11",1200
JwT9R9NZeK3w4NoBHD5W33,104.050922,30.59065,"3,8",1952
PNgAkLFWd7wVKfY9gWahKX,104.12409,30.60075,"5,8,9",2154
3mNChBLVgwH6JSSMm6Wz9g,104.096359,30.70414,"2,5",991
6hUyWq9umysPnVtgD4CbUk,104.08513,30.67249,11,1190
SriSyWo88ChPDTRSgJUzDZ,104.07628,30.66291,6,1343
7e38xJr2GsPuHyuSJGQENp,104.00986,30.63633,"3,4,11",1482
9GChqgs3MrP6ur4ccJMsJZ,104.03575,30.6366,"2,4",1252
HqmRU2VtyuEogMJQZg2V8D,104.08899,30.65377,"2,6,8",925
BveAap5e5xSGR7zAENmxyA,104.042381,30.715254,"2,5",1530
XfxJiaZ7KfqVX9VC7WQ2A8,104.10705,30.65738,"0,4,6",1770
kCB4WDxL35y42yMuHq6n4e,104.07901,30.66732,"0,7,11",611
9SJqkUpWC8CeZhJZmQ9rBL,104.083045,30.654976,"6,11",1602
bSUGqibxq8kP4ofEjgtPuN,104.04569,30.70193,"3,8",1433
GAnaaysxw6SEfZzknpnyGx,104.073586,30.659275,"1,6",860
mbHad9dxiSi7BJpr5QLW5t,104.06626,30.63937,"1,2",943
mRmWmnzbRwG4tfMk7y8kKH,104.045907,30.701999,"1,2",701
4UK2CSdbrwGsuFCrDYxpwF,104.060806,30.659372,"1,6,11",1774
TLf2wWryLoxH3My4gHi7UH,104.10973,30.68805,2,769
EFhRrEKBcSaTxKbxJ4zU6m,104.01282,30.70415,4,2636
2wQ3oCQtm3M7EoAaxdNGNM,104.121985,30.616697,"2,11",1692
JnHjfbVy2SDY2LTbdzxYm3,104.069561,30.766169,"0,2,7",1152
2e4xuEnATbvRThfkvN4kAm,104.09052,30.65478,"1,5,7",304
RvgD45oyfK77Z9qtfarxyv,104.09117,30.65647,"3,4,5",907
gotfuZMjzpM9snnaCtUWTs,104.07993,30.69248,"1,7",1018
FFcW8oVPTbFQuzRVhS2JHg,104.04217,30.64226,"3,4",1179
GzmNmBQJPvuzoMe3uXe8zY,104.18028,30.68939,"0,3,7",1012
hbDenftdaXbckLM5XUXXUj,104.091701,30.678504,"6,7,11",423
8XDUyZ3XkMV2W4UpdJfSXh,103.964607,30.567595,"2,11",2064
gknQWA6wo2VkqWFj3v2d3U,104.03832,30.6404,"3,11",1379
XAMbLSuL3qADYYAZFUdWNW,104.06356,30.60502,"0,3,7",1626
2J853mm9WuF6NoBM2AbVb8,103.991188,30.753649,5,3736
c9fNNE9EunSsDNjfbgUHBM,104.02891,30.66477,"9,11",876
gb7SVXEmqWxLMY9pbtMKan,104.095901,30.66255,"5,7,8",2659
dN6FnJEK4fS9YyJWuaKDr7,104.05208,30.64576,"0,2,5",386
fjYCaAv2tDSekb3Th2i2Wk,104.07867,30.65228,"2,7,11",1352
8HXcVssq5RkkaZUTAarzb2,104.065449,30.66367,"1,9",1234
cwsx3vZF7syQdZaqRQpQMP,104.08914,30.6627,"0,2,7",1327
bZHzyjPRS9NyLMFxAukKyF,104.053741,30.706255,4,1982
dZxHD2joZAhxNTSC2xwXF4,104.0788,30.67404,8,1942
M7865HdLTrxCyuMjTBdcTh,104.041313,30.700991,"1,3",1713
o3YyXgxh56pBz5Rqozt5VQ,104.052498,30.655041,8,1857
kVH4CZqwRygPjfETRieLio,104.01371,30.70523,"2,4,5",3127
aHX8cpVUBMRT4AE65SScD3,104.07323,30.6924,"2,7",1674
cALUxxzeGzU5kN2a57tHTX,104.06647,30.69528,"3,11",1420
cCSnCNEu4Cx38xhqdkkRSC,104.02689,30.72425,"7,8,11",2235
E5SsE6iBUA4YsBMckch5rx,104.0701,30.65813,"4,7,11",1008
Tgwh3vYqUnXUyx48JS2e8o,103.96975,30.68707,"2,7,9",2358
3awfJYmaK8gQBj5gb3aphi,104.04808,30.68333,"1,7,11",705
AerxyopKK7eWqYmizevfbg,104.10004,30.70694,"0,3,8",775
koEUSjSHfSruzNktdJogWy,104.04308,30.68632,7,804
oMmFiXBq7UjRXzY4RN9Gda,103.992798,30.71044,"3,6,11",838
4uFP2CEEfVHrKweRs329fu,104.106606,30.673475,"6,11",1012
SEksaQuHeWyiJaCsTpfFHd,104.05932,30.675,"5,9",1569
H5d9SomqKNCoQ8Le7ckiEu,104.0758,30.64154,7,2123
PAnqJ9tG6H3HafgoLZBo84,104.063011,30.575632,"6,11",1539
hciQGaquEuPfX74hjc4eG4,104.055284,30.759451,0,1454
NzE3nYm8JwGxWsbGB9r26k,104.064461,30.674343,"0,3,7",411
Mjz7u8x4u9XygJVDxGQfqK,104.11436,30.65131,"8,9,11",1418
eHG5PwZHb3nodVa73bvvay,104.04655,30.6797,"0,1,7",769
fimCWPdnHCjtkL4S5BpCYu,103.96757,30.67182,"0,2,7",1371
U4UTCem6d4rUXW648EHroR,104.06585,30.62845,"0,7,11",1161
WpWBX7q8vKeDEB7DnFrUZL,104.04929,30.64434,4,1093
TATkkbuoeXEWX6ervbirtf,103.911476,30.588686,"1,3,4",2541
LdU3FDn47MqZuTUzrQJKy2,104.065598,30.5516,"2,9",1958
3QBbNsqGJfae3Sz9GvfM74,104.07687,30.67842,0,2297
XKWTuSwCgDJCzvMq5HYinv,103.94559,30.77644,2,2485
GnRyhwEYdApsibeaQJnLWa,104.02686,30.72427,"4,5",1542
dFBLRVtsMq5uwg4HWvuqLc,104.060837,30.649343,9,1259
UBuF7D3JrVZXDyVvVhYG8B,104.09071,30.66524,"1,7,11",630
34CTaQ7ZsppUCTn6VrBCat,104.12453,30.68194,"0,4",2784
CtWA5XHeVuJYGrF52e6XcP,104.05155,30.67113,"7,11",850
RAV7PPAihGMBG3fDUZY6oH,104.078369,30.678839,11,1453
7X9V6EFtWWhY6DqeopTYXY,103.97824,30.66582,5,1090
DFkytBKt4RgcZ3b8zSvcTL,104.16156,30.597948,7,1806
gNGqNuzQCc4M7PZbonPhcJ,104.04384,30.67095,"2,4,8",556
Ag5P6AS86i3ME4TbFBv3yk,104.02584,30.67316,"3,8,11",482
ftJt6mEvDYaGCUtW6VCJqT,104.07223,30.66291,"3,7,8",315
FvDMfdxQVmuGWUPQXXkJ4D,104.139328,30.606516,"7,9",1686
BwKEuQfos9d78NxpqvNEb8,103.95303,30.59992,"0,2,8",2334
SSvK8SYJQ9NrGmZxMGUwTX,104.060204,30.63492,"7,11",1498
TzjXUs42FAjGTZeRdX3un8,104.05842,30.64385,"0,7,11",1612
FDNpyTBq3ncpMDUyk8j523,104.070486,30.622465,11,1164
fkptv4N3NXxBun3Goq6Wat,104.17202,30.657007,9,1538
MHiLWA2VbTqEBZV4MRzVLs,104.06224,30.66695,0,843
atcChskpd3P5mBwZQXqPGA,104.10331,30.70534,"3,6",1668
fwfzKsLHrSEHfpxkcEsPM7,104.110558,30.672184,"0,5,11",516
D96Yqb9jUY7YUdfhrCXjDP,104.0961,30.70922,9,1181
oL95N2qhqUJgi9QtGMoaE5,104.07899,30.68795,"7,11",1321
CTcF8FafC2DDWmzVUrbPxj,104.11088,30.65827,"5,7",2349
9knAN8cSfQrtr4HSBks8Ff,104.098398,30.648655,"6,7,9",511
eyAPqDzTxGDVgGCACzttek,104.18191,30.6861,7,1820
4a2kHzUCqigjFFrktwAC7v,104.07659,30.6601,"5,7,9",695
4eM43srYL5yxvX37T9f8FG,104.075506,30.687226,5,679
axRpzsnkqe6s8gfSTfkj4q,104.045113,30.653572,7,685
f4tSwJEcgdRNAujYhnzyaY,104.05671,30.64127,5,575
TVMqCKSu7wQfpWZJEgTvuN,104.08729,30.69944,2,791
BDCagPY6uCLgZEWuUrZPBB,104.03986,30.75066,9,1494
hzKZcDxZwmH4VgHUg3wc2i,104.0609,30.68229,"3,4,9",1099
cpRjiGNsvP9iLMmaUaQqAR,104.06374,30.68529,5,831
WX9qm22U36o43XvGbkDSnq,104.11902,30.65831,"3,10,11",2699
Yzg69ir2EjDCAeh4mBss4M,104.075302,30.720501,"4,5,7",1020
8P8vMuxEWai8sCX3Kcocxe,103.994591,30.757368,"3,6,11",3298
o3wYnjoBvPrSWkmRBUwBBz,104.009459,30.722154,2,1294
U4rre7rTP4972XoqwuGUCR,104.066986,30.759623,9,895
cpBQreLzSqSxTEEXCcyVM9,104.047607,30.691599,"0,11",473
dYhtAWZtG6KDdpXBcBUhjp,104.07072,30.61194,4,1041
JXSPC5YCpXiAboDuerMvUB,104.038892,30.702644,"0,3,8",796
XD2isw9e6QcApVZez7jgBn,104.03452,30.63325,"0,4,7",1632
AoMoW9zMVYTr5qqbVJnxxG,104.05022,30.74687,"2,6,7",1273
gt4TNuAyTnjVKiXej7ojpz,104.112846,30.699261,"0,1,7",330
5KMMw4ASZHBCukeLUac6tV,104.04828,30.6782,11,2724
XeSiUvGnTKyU3ZJRWvg9MT,104.04744,30.76357,"4,7,11",1545
n9odFr8ZxiKvnNKFTLt8qJ,104.08989,30.62737,"0,1,2",1025
BTewtftMzSaR88NawvkDEH,104.08709,30.64223,"2,3",3939
f2uwasNVQopGyknRGTA4ND,104.04158,30.68579,"5,9,11",1068
h6pVgDaCwPkwXz6PLeaJv7,104.09288,30.67064,"2,11",856
nZhtbW9FDXwbtgSqjvVRoT,104.042159,30.66892,"0,3,6",2244
7tEQsX2NpypmoPQor4Utf9,104.042618,30.665554,11,1563
JRTfz5UBCDMrD9wk8SfrNu,104.1175,30.63679,10,667
CxRE38KnwLWnvhTSJxyrFa,104.111298,30.683769,1,1422
eNrCHMAgGhBmWUKztHdZEV,104.09911,30.68153,"1,6,11",633
YiLpxBjsAWbb9xSGw7torM,103.993637,30.72813,2,1394
jARyHhMqoGUJXiACoYQDwv,104.06016,30.62955,"6,7,11",2259
AWh9K5p3CvXZdk4njDaAu2,104.01765,30.67474,7,1453
V3pxdGr7L9vweTQPM6PmBU,104.07395,30.62519,2,994
3pyJ8J9wzXREUssEZ5jpP5,104.069702,30.65678,"2,11",1255
jCVrsQ2c2LrsdLzsxLuQrV,104.150017,30.754171,"0,6,9",1506
NLFDzkM37f7Sx9GXnB88Np,104.12379,30.67247,"2,7,9",1462
HDBgWrkyuXxiD4qyjv8zZj,104.01394,30.64194,"7,10",1243
QgLsPXM7QQT6KdDNrUD2YF,104.071673,30.624464,"7,8",1343
NkpycsTAQWmDAbwkNyLeQS,104.115963,30.70591,8,655
7cXDHoNaedvxeunSks8JZx,104.04129,30.66562,"8,11",1024
CCM9UC2AanL9NDvMMd6cxG,104.10758,30.65437,9,1373
VRvRsfVx9i6Xz8mEu2SZB5,104.08791,30.68389,11,843
MeSzPPMdrU26xGK6NXuMp5,104.143478,30.736263,5,2181
CnL3iVVSuCwVPdPFjHJCqE,104.024376,30.665302,"5,9,11",1301
9UGGSesHH6K9z8Rw2Efdas,104.06306,30.68848,"4,6",1002
7fUawL5XdwcWmbTkikfHGD,104.06941,30.632708,"2,10",1144
W54r9t9vQiTf6MrN4LZvA4,104.04382,30.66809,0,568
cAeN4jDWPDBMJ3ebUJW6iS,104.08037,30.65462,"2,4,10",443
PHWXMqpFhS5SovkFoWFk7r,104.06715,30.76568,8,1390
Puw3tpgac9usPRr6b4e9Ap,104.085199,30.672211,6,1325
Bd8CnJZxB68DFHEYmjFYr6,104.068,30.74317,"0,9,11",1533
E5EJn9xuHoF3VWgL3La6Qh,104.0367,30.71205,1,635
5Gz5WkWYSv8CgtwQFAEgHq,104.07888,30.65983,"3,7,8",3077
3M6wAJR5wHhxyKbujMBs3A,104.11863,30.67951,"5,10",2157
d7kCnM9sV9sFhCqGiXcdzi,104.0068,30.56995,"5,6,8",5166
KcDMRauLLjqmUBhsxxiboj,103.99879,30.6749,2,1393
gKvwqUTziGE2rVvDTPVjK4,104.07366,30.66076,"2,5,11",869
eAegZTzf3udgT3WYqjmnFG,104.057295,30.671661,"7,11",742
9jYjX9jZMhcyn9korwQHgU,104.099319,30.662216,"0,6",2205
iYNx3PAnW2qCQStQ8WpVKg,104.05783,30.67991,"1,11",1481
oVbyVXtg46TLJqgPP5299H,104.09801,30.66436,2,2461
AqgE7aBEgmL868wv3hDSFR,104.06724,30.66706,"0,6,9",523
AVwhfqCGXnUMdHiRbE2DGG,104.08804,30.65531,"2,10,11",2340
VusTgX23SgnPEnCWkY4VXQ,104.07122,30.65728,"5,8",946
XwPShdc7HsPyGWT3agZjYh,104.07235,30.70276,"2,7",1199
9wHzH9PK8sSgctjV382wWA,104.10592,30.64488,10,316
35epiGcNKaznzmTxhPpyod,104.080605,30.658913,"0,3",1004
CNgBCBRsYBq8BS3HErycey,104.101681,30.684406,7,3635
F8vBhShnL4jocUSSMZXFRH,104.115669,30.66263,"7,10",2325
Y9GHEVKWxj3E9bBBFCx2wf,104.07876,30.68435,"0,3",1507
hMSS8HGGeuaKMqMwZb56uE,104.132032,30.74995,9,884
6Ys6PNpYxGCGHkLSY344Nw,104.030671,30.689462,5,1553
aE5zKYagkMwP8D5e2Nz5qo,104.058206,30.645967,9,1689
KPvXww6LmZhdQM3RZzUTqg,103.98133,30.64887,"7,9",1539
9MtGC9ZrQcVfcgkFzx3Mt4,104.066279,30.71038,"0,1,11",586
PEL5TBnLkRKa4tAJcXN3Fz,104.01343,30.63601,"5,10",1458
dSHymbKA8ZNPAxeoJDpK66,104.086304,30.647558,"1,11",1836
RfvSDSRwG6pC8zr8MmVR2Y,104.06724,30.66706,11,934
oX85iTCPWFwWxwJ4S9mMJP,104.12257,30.67015,11,1122
8dA4KLW32vMKSrxoc3oNNB,104.032827,30.683638,"4,11",2002
CucxDxXVQsDm6UQE2ECPaV,104.090921,30.647402,"0,1",808
2wqhMss6SXHdBtieT6wUmN,104.0692,30.65266,"2,6,11",1573
9syuuxUpHHv9nVJp43e4bc,104.04285,30.69939,4,696
hbq47k3q8LqDzufhBLfJ5J,104.06164,30.65447,"1,2,3",1396
CWNpUtPNHpEDa5ZKi6dUXw,104.14125,30.62809,11,2174
2HczCphNMbWomLKNxU7Znh,104.093124,30.624176,"2,6",1090
btNjkuarApQ3pmbtquVE4f,104.08402,30.64643,"0,2,5",794
TCVvFdxthVmd4xHmMqFuwJ,104.047493,30.644285,"0,7,11",1052
FYkdUjy9eUb824428mngpZ,104.10569,30.66793,"3,7,8",626
PTd6RFbjpECeGehANsVASp,104.05343,30.68037,"2,4",1595
CzAxYZ9VMm7tyMrMVSajvq,104.13963,30.64423,"2,5,7",909
Zxm7j9Bf5MxaZbYZYhxytj,104.080322,30.654943,"0,9,11",2398
dZXA3pNo6dXApZMGxESbxi,104.05171,30.76039,"5,6,7",1876
BPQ2adME5wm3GFGEhHv2BJ,104.007568,30.691221,"5,11",2228
kLqujpkXoTaaMZV87EciFR,104.02461,30.68619,"3,7",4300
FNQ6JkRME7yqr5GBgotdRJ,104.004753,30.613279,5,1379
iGheqfo2LJphePDZDZCi7L,104.086607,30.681773,1,1305
A3ByUksTjZUb87WXpcJF4J,104.128427,30.661823,"3,4",788
nv9hxqYdrpTBpt3MVtAmuw,104.06791,30.66545,"0,2,11",1356
8WiFdDMg7wHe4uXkBumiiN,104.07111,30.66911,7,1455
WL86nNNFhF4qNBmwQVTNgV,104.12559,30.60472,"2,5",2413
RTqWHHsnRNusnZxFj6WySW,104.078247,30.667294,"5,9",1645
KZx5uz5iQD3fQfzbirzgxw,104.09211,30.67903,"3,5",1211
HBo5NSPZ5ad3VyPrFq8QRD,104.0711,30.65871,"7,11",1251
mwXmmh6i8D8fYBEaaxdQV2,104.091625,30.678542,11,358
ADw6hvykhKR6o4M67ajqqA,104.021851,30.703953,"1,4,6",1224
Biyvt5tYVh7NQEJFoG7Vdz,104.0606,30.611481,"7,9,11",1892
FrFjy5ycrjWVLsMHwRvkge,104.04943,30.66181,"0,2,5",1056
QfVMSUzMGonFe554mP438L,104.0463,30.69356,9,1092
4h86QMMCdV2t2VW9eZivRF,104.070649,30.655156,"1,7",1219
9h4MtHcnigJ3Z6VfcoEpFk,104.049217,30.718142,"2,3,6",3827
bxxrBngy8BaKh2pzZ34gYq,104.04821,30.6828,"3,7,8",861
MwamaWoAiBUNjBXRaXS2f9,104.070656,30.616217,"5,8,9",3015
2ktt9EpYzK9XSWietHJD7p,104.03226,30.66839,1,1179
Dm7aXEzjno7eGvAZPCGYcW,104.153547,30.626259,5,1880
Qh7VgHpVunAGnugg388SDV,104.06052,30.67061,"0,4,9",566
A9KkWQ5vZurioSZrVnMgBc,104.130791,30.80162,11,2566
Zdn6b6m4TuPKo3eRvKSnuG,104.078308,30.665699,"2,6",1400
PwumhciDKJkY7F8CbinyhQ,104.106406,30.654884,"1,9",622
Ean7VjWbaCC33v7Ucv9bYg,104.12577,30.603371,8,2245
JCRo8GiyNzey7fN3X58NTT,104.10022,30.66851,"2,3",1166
NqCQ4hytuaRADLcdCmgMHp,104.05093,30.6891,"1,7,10",2479
Maq5jKQ6hFHHBnB5hBDr2A,104.14426,30.63747,0,1791
X9eQ5roNLKXD5agswTt6jv,104.01004,30.626659,"2,4",1118
A2jdxLwCqfAkcFrMiwqUyA,104.0406,30.63751,"2,6",1773
ejpEsBvWTu3gDAyEhzfKgb,104.049339,30.71396,7,896
cwS6wY3DiQ5jmsLvJb4W9y,104.05637,30.65588,"2,3,11",837
QrKwznNbEpXjio7s2zhi8h,104.144127,30.626894,"0,6",1410
XaPCBW679rqRWaLUqKqdMh,104.065751,30.548623,0,5268
P7CeEfwSDrpttXzDKdqsVs,104.02306,30.702181,"6,9,11",1547
BfxCQWAW5TeURt8NoTWWZY,104.11004,30.67098,5,1126
hnenZeccVWye8LBdgFUCLK,104.07016,30.6546,"0,11",2273
QTPaiZBtcBeCNaPggPZXMU,104.00829,30.65785,6,1979
BPNepmZ3bUdGdLTVxNnPdy,104.04069,30.67506,5,746
AMCwRgKcv2AHCDaAbYm3pV,104.044579,30.615305,"1,5",1012
72tmT3ARPqE2A5eGGFaxpj,104.11245,30.71529,"7,11",1244
Tt88NjKJPMkzH5khrPEBQb,104.02745,30.69769,"2,5",773
9iBmFr7D9va5SM3ALiTLhj,104.04267,30.61441,3,1318
BNVZojzyxpVa6QvSS2S4uw,104.0325,30.6716,"4,5,7",1769
NEa97NpwiEyqW8ZNaAvb6u,104.06702,30.71242,"0,7,11",1149
Gqr9QW844ztS4HVWrXkxge,104.079765,30.657972,"2,3,7",2786
FdJXMu2yYTqgJjbtTX966f,104.05499,30.66905,"2,7,9",1556
JeWQDBLBZoHhRQZToG6uGW,104.068209,30.6343,"2,5",2351
EmugakjqiGVe5XjSDf2mdH,104.11242,30.71528,8,1692
GTpANHNMSowW2gD6ZqSV5R,104.10396,30.61647,"2,11",2015
YKoceHJe8xUqMQVkYcrYUc,104.0336,30.74845,"4,8,11",1124
JgPtaHpW3PFTZeZNTRTQo7,104.062,30.72303,"2,11",701
mB8ZuwqH34fYTinZqHPuY6,104.06561,30.66853,"1,3,7",2513
AfvpMEAuFzUdncGJVdoapv,104.113884,30.669403,9,791
ToK9QUUqdKPVnT42JupvYV,104.010292,30.645121,"0,2",1249
2MaLqUgWgEMHKm2KJq5X76,104.082435,30.666519,"4,7",1012
YxLZj9zBybMAiwinf7e7f4,104.0853,30.69486,"0,6,11",1136
mt2JHpktF5yefhNpc2pznj,104.0429,30.651321,"3,6,11",1819
QntDBZnEexZnwFrSXKsJVF,104.05063,30.68402,0,1112
TH4LPZcue9oLa5cTfUUJTK,104.090448,30.670317,"1,8,11",362
LCyYn9Gt87EoLGQHG3oc7F,104.07645,30.67761,9,912
JFGB33tbzVNKsUR92K8SKq,104.107718,30.603267,"5,6,7",1724
TxLViBQykT6YwDXjZ7pG5B,104.0905,30.68375,"1,4,11",248
Vwy7tTbeHh3qhFsFntZjTt,104.051727,30.641535,"7,9,11",1146
RoV6iQH6sJ27bYwQBoKdSk,104.05996,30.64411,"0,3",1141
8KxNNkbpnUueyb6Z9mxQYs,104.00097,30.70792,"2,5",890
Y5XbeRogjEVDVwAFXGDobv,104.02779,30.63705,"4,6",1423
KoCrij5TGsM7TzfwnZpiY7,104.0865,30.66101,"3,5",997
RhdCNpVdUdiih7G8Dr7uoE,104.053257,30.705677,0,636
23snM7ukU26TGeccPunBEY,104.06946,30.65204,11,544
RvJVAy3mPHgqL7AeMRnrua,104.08331,30.704565,"2,9",1119
W8PhfoXArFQarSeCnWSLbW,104.09827,30.67249,"8,9",657
RLHC8cqwfeSriHXpYtZDYK,103.99216,30.7178,3,2271
CNFToLcAJLZWyzzejTRN89,103.969351,30.733346,"5,11",2094
VdVMbuHTYbP7BYUj5WUpyM,104.10069,30.70926,"0,6",914
7JE49Ke8AYEhxeJCmxneaS,103.950986,30.725697,"6,11",2321
AHEeiPwYMDFxVWDJyL3f3a,104.11225,30.66703,"1,8",591
LZXXEVPASinBRCySc6PFWW,104.120834,30.627455,1,934
FH89FzDUc7n2ceSfAegXig,104.10994,30.67101,"0,2,11",1515
PyyxWyvBkPosyTvS9Kkbkw,104.065742,30.694691,"3,10",836
nC4Jqft9QgU3L6RpAufM9r,104.08637,30.66092,"3,11",1732
T9oBA6yJNrYoc4kHmKGK8q,104.0942,30.66016,"0,2,7",2781
TzqqmShBgxEhQxv5rxTSTX,104.04206,30.68914,7,1351
auoZsWiJDodjnC8bFARxCP,104.046249,30.652243,"3,11",2110
JR3eUU73jXnRCgq5qiJoBr,104.00449,30.68912,"1,7,8",2137
G7bGejdWxZgtJi7GV64xhW,104.0951,30.61101,"0,6,11",1268
bTCURKiV7WKkykhicB3wGQ,104.07052,30.62511,"3,4",1357
RS2SLaALzXL2cTxXSwF7zk,104.086199,30.661114,"1,2,8",784
Mro7ZJ8AvHAEjwZoW26yBn,104.05426,30.754358,"5,7,11",1955
WdAruzpGCZkb6DSXD2oGgY,104.09535,30.66185,5,2501
C5jufERkoLf9xUzxXKxZLo,104.072164,30.662981,7,1690
GErqTs8ad2fHzPDxjtRXHK,104.149178,30.654024,5,1411
j9sotbHYFmz8jYqoKfvYfq,104.10802,30.72536,1,727
KtgwxVdBtJF759FrALhEhX,104.072,30.655542,9,1460
FsTJot53i8zj2WBhpjNiEv,104.08714,30.67737,3,1235
95FuHJzLU5mVsY4FmdQNh9,104.110123,30.657192,11,4668
d77wQ9Ufu5vEx4zDw7VvkM,104.026846,30.66379,"2,3,11",1131
RETN2DehVLmgBPuvaMEnJ3,104.08038,30.66273,3,2271
7dyjq23NAvoPPoC6b4gdff,103.953781,30.67016,"2,3,7",2120
mZ9c9adEJDzvXV9wh7bsu3,104.17545,30.69176,3,1687
Rg9VxLTC5LrDsqGoLCsXza,104.05079,30.72419,"3,5,11",1029
Yn5KU7XK8NL93ZYKEwSVNB,104.024048,30.585279,6,2283
BtcDXURmvd83s2GMoq3D6y,104.04065,30.66341,0,1103
ExqehqswekKfzNfkKrSmYt,104.02401,30.70147,"0,4,11",1461
VetTSv4RgjQY5wJRnXGVfn,104.128056,30.661233,11,587
JrwKJPEuBG83rmjDJQD6YP,104.07019,30.67558,0,1855
CRHicfDC2PRovHgxwX2dar,104.08207,30.69516,"0,11",1194
TrD2RJyMaYWVpFxEXLwoFp,104.030064,30.681192,"2,5",311
d7MbhRGo85XUwgSQ6r76iy,104.07321,30.66031,"2,7",2063
9VybwBuWQDhJ6B54eicaKu,104.008279,30.66578,2,922
CuFayC8U5HCdB5HHo76bGj,104.15276,30.6317,"3,5",1207
S2Va6uakYxWzwE8bsyManH,104.10331,30.70534,"7,11",1330
X84CjiB9xPaXPFdL7pCTMY,104.08453,30.66194,"0,5",889
fMumJudLaJ9miWzrTQhKUU,104.073235,30.655111,"5,7",2172
gSNctYujNtvWtqLazjhrEr,104.145191,30.732239,7,2189
eCMrXu9yMUvsQRjnjptuyb,104.09374,30.71004,"2,7,9",2271
gLF58fFYDqvXGhhprAQPt4,104.07734,30.65855,"5,6",559
RgBTZ7TfuNebD34CrpwQZX,104.07582,30.66516,11,1358
KhfzVDhG9KdQp2f9aKpBMu,104.07722,30.66474,"2,6,11",1412
7Rnaa54fcEjFp8siNcSCZk,104.08605,30.65642,"4,7,11",1369
jBFJhjc6zUruBeaTwqTspo,104.15303,30.74765,"9,11",1364
Cn2zY6un5TbNarLhZ3HiFr,104.15955,30.68223,"2,3,7",3017
NZVye76uTqwKPeFMs79FY5,104.05984,30.67224,"5,8,11",1402
Dq2rSediHkpgyvozutT3Fo,104.06615,30.65176,"2,4,5",440
Za9hRss3i4ny6gDgyinKap,104.04196,30.70367,"0,7,11",1341
SBFRgzvKhmFZshM7XAeGkJ,104.05215,30.68826,"6,8,11",1651
jizT4Uhvm5FghszfNNxDHt,104.09882,30.66771,"2,5",406
PCjn8ErWXMbJJkCtYAQd5D,104.067,30.67019,"0,7",1527
mBhZbfP64AW6iYFcZjqFEC,104.082268,30.614231,"1,11",1814
XCWWQfdPcqGKoXevdUySgx,104.076218,30.657276,"0,6,11",1811
cNJsNMpHqb2npi5tkHizvS,104.04685,30.7639,"1,8",1985
XuupACGA7U7FqL683nHC4F,104.052632,30.676798,"2,9,11",1019
gUyYFfMFLwXrQiUuowiqvV,104.12262,30.64566,"0,9",1037
64jB946bxSLjUd3grqtiiS,104.06023,30.622992,"0,9,10",1267
XuTg8QayuKj4wmCdcuEgh2,104.05013,30.64462,"0,6,8",686
fKmjEy2QNdERDBYjhXne8B,104.109562,30.671396,"6,7,9",1532
QkZPQbvM7ehoF6yweSKsCz,104.11069,30.66906,"5,6,9",1171
DNM3JqxVmJAFmqwEuQBawU,104.00835,30.677495,7,1314
MeN5t3GARzsQQEXXf3sYk5,104.045341,30.693508,"4,7",1539
j4LXLDiNR5anupenktgsFG,104.102066,30.631777,"4,5,9",1664
WKDfKDYrEVaZyk2QneeMcW,104.07722,30.66474,"2,3,11",875
AB9QUKxK74iUPWHakRXbcT,103.99668,30.67589,"4,5,11",1807
gnBecPooz9Vj5Vzqu5SoyJ,104.108032,30.685209,"5,11",1774
QXYTCkwSjGdCvHBbzcostX,104.044479,30.681707,"8,9,11",391
XmnXDonEmXSnRyYkMmgSst,104.039917,30.701553,"1,5,11",1130
oUCcqHBV7YA8iQGJFDKwpY,104.10379,30.70527,"2,11",470
LgUzaGRBkkTARZD827DCNe,103.97857,30.62284,"0,1,4",3001
Pmo6ces9VTZSBrpFYDATbc,104.08917,30.62058,3,877
Vjog5BvVDuKNY65335dHbC,104.1467,30.73251,"1,7",1583
6i9ZK4wbq9XXrq6THyUjEQ,104.030142,30.718148,0,1762
oH8XBhVtdEjqirrQos9X6U,104.04091,30.65503,"0,2",629
LV4UES63Q8AjCdQxaRe6C2,104.02461,30.70518,"2,5,6",926
Y7vywu7WMAu2D5KwhugZ9E,104.05096,30.69038,"1,7,11",726
DPtaVm8XFNYkhmgkGsGNyz,104.1101,30.670259,"5,7",1168
koSs4GEK8N4uhswnBajr9j,104.06426,30.72305,"4,5",1553
9QkJzCL4UYAbXqXAtrZwqE,104.06647,30.69528,"1,7,9",2919
5avzU5tFmqnnzArUSKiEgv,104.03668,30.7164,7,555
PFhPvYsGheS7rGLd4X5ybi,104.02854,30.67878,"3,6",558
PaUXpdNGmHscy5nFVQFgGr,104.063679,30.738728,"0,6",1233
cEsVYhVYKz74jXNkHbkecq,104.043409,30.668721,"1,3,10",719
9xEa7VZarX2tLWY2iwA9Mv,104.051361,30.663904,"1,8",697
BAoan2fJqNGaKEvp5YbUSu,104.070702,30.69986,"2,3,11",1740
XDteD8hwbSfNjWXsEqDj3A,104.053989,30.67368,"0,2",1115
LV53jm44bAc45xh8WBocQc,104.05152,30.66426,"3,6,7",2096
aDuVW9NN9QpKwywoDJ9dXp,104.083282,30.705019,9,304
YeWe459VzJ567VHiYYLfVg,104.098198,30.716299,"0,6",2726
3qqcXcMpL2uxcqA7Y3k3aZ,103.995957,30.57061,"4,6,9",2207
Jtbq4V5Y4JEC9pEq4iRmjy,104.127441,30.674416,"4,7,11",586
Jo82YtCHrV8zV39EVj9wUd,104.04916,30.71089,"2,4,9",1099
k8HrFsk7DMWLhScuDHp8Uc,104.073944,30.656656,"0,11",1146
aqMctACu43BpRZGVXQdVzN,104.049284,30.693668,5,973
L67EpVjUxAsPsHHtzSBBWx,104.107161,30.720588,"2,3",615
6mb5ryPwZYYcsDTCzBbp4y,104.038506,30.629463,"2,3,9",1529
9f8UFeouj4rr93sFkGzXm9,104.10295,30.669,2,355
kRiuCJfAbq7GLBRYHsTXZj,104.09929,30.66786,"2,7,9",2148
gMU8UF2hoReWCqeCUxkeok,104.082328,30.659815,"2,3,5",590
TBqiNB4QF8EVrM6twMESvB,104.06458,30.70809,5,882
L8Ye2FhxtLA2xpx5xbaoat,104.04846,30.61648,"1,5,11",1517
ATyS5Sj9rTdsugnDdLQhqM,104.107189,30.72066,"7,10",1495
KwAUvmhZQjpuGBhgewj6oL,104.05012,30.74988,"2,3,9",1185
33FJ7gRz6rdkNFds7k3SYq,104.020317,30.658812,"6,9,11",1368
RMcQfVt3WjXqzp2RkPcbmJ,104.031868,30.624868,"0,9",1687
fUtCKFXecdBbZ75Z9vsHMQ,104.053337,30.681829,2,521
SHamx2QgBEP8Xqcb2L2ocg,104.057495,30.700188,"6,7,11",1144
SixkhLch77Ax6MkYWLamhc,104.07078,30.65341,"0,5,7",2566
9r5VFfah938xUGrxwVYmLo,104.05352,30.67403,11,1879
QQL6bqjDq9NGuv8NJtiajA,104.110786,30.656782,"0,9,11",554
ZuKfU6HQG8N6jX8cW8AsD3,104.085159,30.67403,9,1038
2KFTmQYWhoFfUajZmUr3u3,104.114851,30.66995,"1,5",377
Vip2QK9W8SzSsyL6CjT7g4,104.07095,30.65498,1,1817
U4WNEdJQuWjH3GKk9Qhfyq,104.11208,30.67859,"0,8,9",613
BYAJiPadzrL5bCFc3g57XP,104.09535,30.66185,"2,7",560
oGJNEDdCJEaVsd5wFaLCfx,104.05616,30.66337,"0,11",661
i2wQPLL68qKa7LnM92i2rD,104.074181,30.65461,5,1625
B4CDSrwtceXZvvXe9bXZay,104.150696,30.754311,0,1883
ZQvEGkkyJzfw4rKbNoNjZj,104.0464,30.66473,7,2720
SUvnsjKJggQ9P3uhYRCxvZ,104.0783,30.66111,"3,5,7",130
dUwrMmTjVMQYrtEaPo4EeD,104.09138,30.70267,"0,3,11",776
nLZ4F4m4PKZNsvuyzZqDtP,104.00031,30.70696,"0,6,11",2216
CVSV35yMqCHPzGZNaBPaeX,104.01533,30.71487,"4,6,10",1286
dEuV4um8MwyhCbyT2CvS9N,104.14049,30.68099,"7,11",678
XxxrGmbXuXHrtY6ajZDbkk,104.05601,30.6561,8,894
JvgaFzACGR3nYpuXwMnb5n,104.07071,30.65515,"1,5",532
fRByRF6t8Fp4QXmBt4XwPP,104.06026,30.67509,"0,2,7",501
jDrywGSmQ5T4WgBRmfM2MV,104.11067,30.66963,"0,2",1059
gTxDJxZ7RPepjKjTChx8Sx,104.06821,30.65824,"2,5,11",953
XGGgzQoKXdUekwZdvikhLr,104.08004,30.692484,"0,7,10",2821
Hza79uP9D7TW56CM8Rffix,104.10906,30.62625,"1,7,11",3594
aSpHJzpdGTv4EbLmmX6YDD,104.015556,30.68638,"0,11",1776
QQyYQckPap4FSVCL7MKa2t,104.083122,30.65604,6,840
TPxd689aRasG6Ey5UamsEb,104.06133,30.6711,9,1017
myJZz9sW5RwhHW9GcAtBs8,103.97288,30.72749,"2,5",1349
J88WifbnfntTZqynhrxZYm,104.0603,30.57539,"1,5",2095
CAt2FUbmci6rThMZaiG2wt,104.055801,30.639669,"0,9,11",5038
TjTuEwZdUT4tJXPgHXcN4x,104.074966,30.644695,"1,7",1672
638Yz2qxzRR4r347g89fEY,104.08492,30.66594,11,917
9eGycsmPLqMSU4YSgjGUgL,104.07235,30.70276,"2,11",1035
Z4DGJNG5xzkv7Nii7sxP3e,104.06684,30.62921,5,1001
PksJ4oArvvgNoqqjy4qYh8,104.134293,30.588921,"5,8",2060
J6X6G36eVJqXHJ4JoPjDMU,104.104164,30.711985,"0,1,11",1103
UMuWEViXqnrF4moM6w9b6r,104.093909,30.710144,"2,3,7",324
BGJJFecnhSh4DZjLNoWPA8,104.084236,30.682165,"2,3,11",1862
kzKoHPsxHb5g92jPDJYzvr,104.0771,30.69025,"4,5,11",1005
FrMM8V4wdcuC6r7EsAZF32,104.04451,30.68223,"0,4,11",912
kegJ6WsKFNRioLuGbLQLUT,104.08084,30.67886,"2,5,8",1592
hxHHqUmnQ55VS2BuhE9foG,104.06335,30.67022,"0,1,7",513
3QQpb34WXHHehA5nkkhR2X,104.119049,30.648939,"2,3",1117
bkcmA4ZChWfcc2msQFjrjv,104.066378,30.649262,"2,5,7",1980
bxn5kk8YqnrSPqWKEtJtVP,104.065712,30.699989,"1,3",1302
JTpfiEiAdw3L2Up8ASexLx,104.04516,30.68437,9,648
47c2oYghPQDgKt8p4EfGnw,104.055901,30.6607,"2,3,7",536
VqcTtxe2xNz5AJsv4kRXBm,104.10343,30.71681,"2,7,11",1095
6QTRgF4YbwD2yHKmQ4va8t,104.036767,30.679711,"3,7,11",472
XudiBVS2wxKpvddM7JjmjZ,104.04043,30.67235,0,1637
GtCVLFJEQ8UexqiCVv4BiX,104.07075,30.66548,1,1140
ncXLU3J7DYgXaHhTzMZsac,104.08587,30.6601,"7,11",436
UsZhjMCy2FkRaF6V2pegg5,104.051816,30.732362,"3,5",724
2yTXKXaPbADe7DwuVcW3TL,104.05583,30.723,"0,3",1108
GaCFbwZSaGxS3A6yFfwxUV,104.05349,30.676669,1,754
KsDBPouzzr2cYyPkY7cjf7,104.13753,30.67269,"3,11",403
SR2z7zojZexEXxpkTyeE24,104.003007,30.662513,"0,7,9",1401
mmYx8JAgiMntVJz6QNc4NU,104.071281,30.655886,"4,9",1198
a8Hakvr2FsFe8ZCSzYFC7g,104.1011,30.63715,0,578
3AyANEoNNyA6dkxmVFfAYv,104.08291,30.71783,"1,2,9",541
jBxn8w83NrBs75X88W6SLT,104.06106,30.57874,"5,6",1228
3e6J78vHZXABH86jLfjokJ,104.047523,30.64439,6,879
mfAEGmiTc7iTZFJSYcjF79,104.10497,30.68701,"1,3",799
ANoR2mK5pL3iYHQtGi49qQ,103.971408,30.623042,"0,7",4218
ebacFKx2kuZ8A28tems5de,104.01079,30.63529,"0,1,10",1033
VbMV6MdRECVujwHUKZ9TiU,104.1113,30.67536,6,1132
MtfVozN95Kaa9QREtMLVPk,104.11017,30.65301,11,2672
FFVmDjRjPQ43Th4usoUhQs,103.92569,30.60007,"0,6,7",3006
G3VAZ7jxK5sFShbFEjmaku,104.024429,30.639956,"1,3",1673
jR9k8pckNApcuxVUQQykxR,104.02632,30.69368,2,695
nEnAYH82HQ3FDz3xbzAn6P,104.12599,30.58218,9,1604
DW395X5hZZLcpYC4U7dcPw,104.04713,30.66912,2,1024
aJbXSi74qJfC9N2xKbcuLK,104.10488,30.68705,"0,7,11",316
8WAnAez2ok2BC3rR77MCxd,104.04174,30.6846,"7,11",653
cUGExAXSdahzovowcq5yKm,104.04975,30.73,"2,7,11",2328
UK9Esp3NuNGXUuDbNJFjM2,104.145981,30.73263,"1,5",1075
PJfiCGhsmS75LhWxNjPssG,104.066017,30.640169,5,1681
GBPprFxUNcWAQkFTckwnte,104.03474,30.68602,5,5809
cJ4hTAs5U3ymzwFqR2Rpo3,104.05247,30.618011,4,1954
PVddMWpcEvrHKbmUV9PzHC,104.07411,30.69028,"0,5,9",2776
EqyLqKPE3nQMrN2pSbM4Ri,104.045032,30.74389,"4,6,11",846
AGEKffKoRS7RPVzF2prQje,104.07736,30.66157,"1,6,11",1131
B9ypdNcQJWN44QostEU5J8,104.09741,30.67442,"2,3",3905
KzTftZfvuV75WEgT86NAas,104.077085,30.690245,"2,6,11",1676
2vgYhbd44tYSk7sut684rW,104.070976,30.67061,2,2533
94LsCaAP7HfbQkBYeqDrWk,104.066907,30.615947,"3,6,8",1301
h9H552mpXZwxMGNphZiRcz,104.093499,30.66557,11,1549
9smY6g74FkdiWvYKfsvB22,104.104141,30.658175,0,1537
WruqP4mAtjedbneSTp3eR2,104.0475,30.70755,2,2403
UuH9KhSCT56gcdm3tj3rrg,104.09715,30.65725,"2,5,11",793
DMcJ7dKDQQ82wHHcVkLK6k,104.146301,30.630739,11,1269
FgqoFcv6DvgP34PSpNE4kK,104.10248,30.6613,"2,7,11",585
ZhoYP2M3va34aZnTkiuSkP,104.08716,30.64837,"3,7,8",523
hfzD9wrGsqyWsZe9Xh9Hcu,104.039307,30.697933,1,1761
7fKwRFgowwcDV2h7fDbgi2,104.040588,30.666126,7,1103
aRmNMYyR3ntTMopBcgthWh,104.165771,30.739475,"2,4,9",1247
TdohiUcUoGpywpbzGNrPUd,104.060971,30.64222,"1,11",842
nxFvCbUzPRUxmFyys7jXNy,104.07044,30.65453,"2,5,11",794
ExUpmpvH6sccEHCkxS8mov,104.11082,30.65659,"2,4",829
hJJ6JwniTPkTatrJqiQVaf,104.10597,30.6627,8,993
fGsSfxhPaCCR7svTojANao,104.09362,30.66077,"4,5,7",500
eMmNUCBde3teAohYohFsuU,104.07442,30.66668,9,1107
aNKoR55ryaXGvL33VLjTk4,104.04808,30.59603,"2,5,11",1755
JMQ7ZLJnxtKE222ikVr4t9,104.12756,30.63617,"8,11",1384
gjcTzc4DKG6ZHSgcxZAyFP,104.01349,30.65059,"7,11",858
H54r6PeoaroJMTAdEeKhce,104.072924,30.702711,"0,5,7",3007
i4wGy7qwJ9ffEPSFtQAH7V,104.05935,30.66051,11,521
JtjR4WtMwiNqgJv3rJiGCt,104.065619,30.668061,"4,11",1108
Wiz768izm6nhbCX2stAxiN,104.07053,30.6544,"5,6",1397
HEEMcWBAaieSHELy9rhgDi,104.056729,30.673403,"5,10",1181
kHt9ijyxEAmoCPBwBudhTU,104.06661,30.70934,9,333
7FjU7Y4vMGvkexzY6DrNrB,104.07333,30.64278,"2,3",693
SYyBrxeymRvVbvcxFS9Sif,104.1151,30.67095,0,409
CG9hMzWHiysR4vHMSKCUZw,104.13722,30.67769,"2,6",605
4SfGhxZzpH3e7TDv9xfpoa,104.08461,30.65727,"8,9,11",596
7M3BT3ppfHCChFXuEYo6yv,104.066259,30.63933,"5,7",648
isvmZZQ43eCcZJHy6mzrfY,104.072868,30.663519,0,396
f3Jxe789CsHspWhrs3QsC8,104.112381,30.66745,"3,11",946
hnegKE3Rs3PfZbeZ438rb7,104.09626,30.70904,"3,4,6",2054
HyJSooT39e3BoQmGBbco3m,104.07122,30.65728,"0,6,8",4450
oMdR5vXc7xnLKQw5m5VpEA,103.84705,30.6946,"3,4,11",3604
RkSZ6BtvEv2kXnzf8W6ytN,104.18519,30.64994,"1,3,5",2211
MTEEJMJ8VmkQ6vjNxXwPui,103.998222,30.683863,"1,2,6",2672
RoejGfwkCJYpqaipXCBZ68,104.07707,30.66769,1,1080
g4aL5XRakEsRGx79AUkG8y,104.110081,30.684429,6,1087
Q7XqBCZqBbKAsdekdyHWyZ,104.065674,30.674538,"6,11",1648
3LfYtQrGQSMYNLuAeCRosN,104.07855,30.65803,"8,11",873
bJnU5Df7R9VtBoNVrQjZHG,104.04043,30.627761,5,1230
jBHWxLAFrzFygKcrQWxD4i,104.03028,30.58204,"4,5,7",2580
4JPvUB7oJw8ydGvpuHG4MN,104.104805,30.623228,0,985
MyrZDTpfRF8qPmrVS77cxN,104.07756,30.68462,"3,6,7",643
gzNMBHebuQF9TsuUAwubZM,104.05379,30.7652,2,703
DRzJ8cmQTG82vQnXKkZq4z,104.09088,30.677607,"3,5,7",771
aKkXiD9RDafMY28x2bvfNH,104.09523,30.7474,"3,5,6",2116
9YdYj78ZmfmZpemdDD2MyH,103.98156,30.69637,"6,9,11",1446
Y8ef2S9NzfJvnN3ocuzssj,104.06074,30.636706,"0,3,7",952
Rm5kimuvvPVam9hfN9prds,103.99633,30.64101,7,1445
AkUqtjUpoCmWCVdVHcnmnu,104.05462,30.58681,"3,5,7",4315
Y3uzHzrfKJX6s2GPdx8nc5,104.07406,30.65446,5,774
aYZ4bZWMsLPigjAGsqanep,104.05891,30.60535,2,2226
B5Nbr6jnb5ae9UjpSqJbsa,104.11875,30.64436,5,984
mrurtyhyJRxHMTW3qzv7kS,104.10337,30.68082,"1,3,5",3481
QLHhzSM9CDYioq9nAqwbVZ,104.11113,30.67911,"0,9",1766
d6KqfmokraH8JhC7gjC9qw,104.07674,30.72292,"5,7,11",615
9yWH7AjoEzhDHBvZRDdPAN,104.10548,30.66733,2,1553
T9iQyGqz4x9VDExF8S5zYg,104.073959,30.660046,"5,7",2296
jpqFtkXm3Mi2MpKB5D6PUt,104.06204,30.67081,"0,1,5",1077
N5BMrWuKHGSjm3bYiczDRL,104.04819,30.69681,2,1707
KTEFfVA6QuR2XdXNLpmDyH,104.054956,30.663614,"4,5,11",2528
kqrUmjzhoYUQ4mzvcestvF,104.06679,30.71186,"7,8",1911
moKg93VnH7QfFUhqxQqP3V,104.07088,30.5423,"0,7,9",5977
MqauL6DKaCXyor3CNVSstC,104.03006,30.64822,4,1062
kuETGmpSagGavqM6SzytnD,104.07121,30.65769,8,1916
ihBUVwKYDcLkAuieynD9Ye,104.02559,30.69622,"4,5",1269
RYbYSzUUHFtBj8HUpubEkQ,104.017189,30.662521,"0,6,11",1148
KV3TQhG2hBeYqyzHdk5H4W,104.11516,30.65539,3,549
kW5SZ5MkCXek6kWwYKoN6h,104.10808,30.67523,"0,4",793
NQdvzRnAUhDZtNKEEFCgQJ,104.1035,30.712179,"2,9,11",593
V6aAsxxihXSnKiTFDYiPsL,104.092891,30.622481,"4,7",1519
mCbhjWFK6TLxzepfpaGduA,104.05281,30.65342,"4,5,6",2004
bdN9ik5PTg9YcAf7LtYdMZ,104.04873,30.69111,6,2391
eDbwpb45ooqqfGZ9ExchpC,104.13016,30.66661,"3,11",1617
dPct574mVejCo6f6JrKz4T,104.144676,30.627779,"0,2",1257
924DpCXg5APX3a4iiYfBQV,104.04761,30.68722,11,567
DhAgV8gGDeJF3wCfY9CrAx,104.082054,30.704266,2,2095
JxG8XpQESWq3Ev6qah8xFi,104.06631,30.65639,"0,8,11",2237
FpCdtKJYbD2hSvzQsejzxA,104.139297,30.682079,"0,5",953
hAmcEPyEvzFfUhX5k4KtpM,104.083977,30.682278,"5,8,11",2389
4dxUZhpycgbto5xAkQyiE9,104.09101,30.67045,1,861
PB45wzWVEzbzq3rCS7SgPw,104.05512,30.67391,1,1644
QL2HkfyUx857jYp3mMM6yQ,104.0967,30.70279,11,1306
H5YGKsjXoPo3W9WZRQbHk5,104.067009,30.653358,"0,11",2538
iG2b3mBbLvpgzS5xPVaCJZ,104.068468,30.603808,7,2528
bFB5zaFUoHhbZWG8c5xYbV,104.04101,30.71417,2,624
XAkiyXPTDGJbnu8EAhH666,103.999969,30.653542,"3,9",2067
DAbsNS2j2TCmJPtJnoNPDN,104.084442,30.695715,5,3009
ZvavHfr4E3caj8voEZddTE,104.04058,30.694417,"3,5",1423
Hm7G4d6pnu88BmcW2d47qj,104.05264,30.6944,"7,10",894
7ZQjQEgBiUWcFymXAasQEr,104.07853,30.68814,"2,4",1853
hFPMNcoiSUrAhDL2Mit5am,104.081331,30.818996,"0,5",2588
F5hwMcv43A5KxGUM7rFEE9,104.051012,30.645105,"3,6,11",1301
MGtjJwk69j4usu9TmK47VQ,104.0979,30.66389,5,1198
K8kMpwerBYFFc8AmfEgjuH,104.03963,30.6982,11,720
C3Wkz4DQWQ2kPVXwcmxdWj,104.0548,30.69425,"3,7,11",1262
NxdZGUq7imEoLY7kxuSSt8,104.104088,30.704237,"3,11",795
VpdkVHiftpXZHj8NpBvzbA,104.061019,30.64332,0,2483
WGTrmdpVAVaBvpRNuK6upb,104.111603,30.62993,"2,7",945
4uggcHEyzv8S7afn77MYok,104.06334,30.68136,8,919
aHEzqfsd2DJbB62yru6ZJc,104.05181,30.66623,"7,11",1204
XjfHKq6ThnSK5GDZHaYGZE,103.98289,30.63029,"7,11",7550
9q77Sop2qrVJbeu8ZPeDSF,104.04065,30.66314,"3,7",922
PxRhzHtuPfPtGhp5LJ7tMG,104.06028,30.60017,"0,5,7",1780
JTtMkNLorCCb8C5N3z9926,104.137841,30.633718,"0,4,8",1455
TC7fmMcPrs4aeSiizQWvZG,104.131413,30.68591,4,2505
Eor42T52BvJEvjsoQvoNmQ,104.07345,30.69027,"2,5,9",1068
jY8TqqJWzFTH2WnALGMKKS,104.01153,30.61481,"0,11",1977
FbDbFGmD5CUtXWfMMd4KbN,104.06079,30.65668,"2,8",1836
4YmkvjASbjcrNGyE73WhZe,104.079811,30.693626,2,1319
3bWcxW82JCNjiVhav6cZbE,104.045501,30.551015,"0,8,9",5548
QbngMquxNXXcaUBbpSDFL8,104.067398,30.69412,"4,8",2683
9aVTzWFsrLrefBdknv2wKq,104.12621,30.77238,"0,6",2754
Uk9pCUJ27bYGErgYgZZyn2,104.06294,30.69463,"6,9",1491
k4hJnNAELLbsfHkmuHsinQ,104.12959,30.71564,"2,4,11",582
i8cPbip4BQu4NLMbyxxevo,104.09279,30.70383,1,707
iKF2EzBiTav2HUX2BvS9yx,104.03814,30.69055,2,961
5Vm7U2eqyatmbYM6KyBJVn,104.097742,30.652118,8,1751
cmvSsh3e2Lp4dKdxDvcdHa,104.07716,30.66459,11,1552
6P2NcLuT67qUKYLShPvfyo,104.07528,30.65584,"4,6,9",2261
K7NKC3eR63hwTWStSx5v7T,104.05508,30.76165,5,2482
D8wuYqK2iD7FcKNTqWyCBR,104.076813,30.689211,"3,7,11",2903
AX9MuA4NURtUs29pohqDZY,104.07154,30.67095,"4,5,7",986
3WgRjVeqZkiGsjQT87u3jK,104.1027,30.65643,3,850
5g3wwnLaEWxohmftcC29tW,104.07196,30.55948,"3,11",2738
Tfi6SmJRGDZJmho4kpk4N2,104.04819,30.69681,"0,2,3",646
h94XMaWizKyDQCbUKyFADC,104.0733,30.65504,"4,6,9",821
3eKcCizF5vr7dMgGTNCHzS,104.128654,30.656229,"0,11",1567
jTGdaXAsx5anSuQrx3TB7S,104.071996,30.615563,3,1620
QasNUN4zkSMjgHntmEQrfs,104.056035,30.608312,11,3746
PyCWZn3zTfxa3mLmQchr2h,104.02208,30.70009,"0,5,11",1433
L7c7vr4SpjSi7vvtZ7tLWb,104.08226,30.70415,"3,7,11",517
nqDFpnx4ZPov3ZSPNgmGGp,104.09183,30.63818,"3,4,9",1015
QsV3QiAGob3QgCaJqpTykJ,104.0802,30.69413,"0,6",1206
i4LG2Yd4pMCgybXJVsubAy,104.08218,30.65372,10,1597
KwCdopW86UPVquE6bktk6Z,104.031456,30.681942,"0,4,11",1129
Zni69L5pBKmLK9aUGRyGYn,104.0755,30.70295,"1,9",3054
2ynchZ2MGUCuHrFgzZCyYG,104.10437,30.669518,"2,7",644
2FZZpvzbcNXZWyeBhkwHyd,104.12002,30.65875,"0,2,11",1244
3EZNM33sqJKfMieKE4zMoY,104.06,30.72179,"0,3",744
4JdZMJNNnPLh89dbpz6okz,103.987609,30.665868,7,1172
UbgZx8yhXgxCsASXdFwFgA,104.09431,30.65946,"1,2,8",671
YmXGUWUyVk2gcANAziJnpo,104.0781,30.79769,"4,5,6",2020
GRQ6qcA6XD5zqDUB5Vz9w4,104.07792,30.70303,"1,9,11",1006
JzhTomaZYxoh6r3sN2YDbY,104.0647,30.68447,11,1203
njgAzDGqaqwm7LGgzcUnjh,104.065414,30.668777,"1,2,8",1714
9ZEX6fwfVcUjKWa2k4m6pP,104.12568,30.66945,"5,7",873
9JPozseVPbcUcyXs2YhS57,104.062318,30.661661,"0,6",984
KtFzSJdyXz6mGaTZbdSGsB,104.0544,30.72246,"2,5,7",567
7oywohzePFBj7ySvqNyPNb,104.00348,30.66668,8,1269
a977HDjioDQjdv2yFxVf5Z,104.07522,30.66925,"0,5,8",361
fqzYdwRcYSjfdb5AZqB8W4,103.99616,30.67348,"0,6,11",1570
WyQTtfx8jMtyF4Taiwfc2u,104.10558,30.66389,"2,11",534
HDcuk6zCxG9dg278h7saVu,104.05602,30.69307,"0,6,9",1569
XaTprtTqhvm7VtkA3zYoY8,104.079617,30.639198,7,1146
Ze9ZdHQcr76W8oyC2YQ5BG,104.058777,30.740721,"3,4,11",1658
DDDrHM8fy44zYHtUHY7NhY,104.03177,30.71825,0,1912
DLYQJLyHetm6nxcH7p5X9k,104.06197,30.67066,"3,11",264
NToo4YvaaZbNAAcimfGWSx,103.93242,30.60006,"0,6",2932
e7iS8n65Cz3PeUFv3DdYNh,104.09756,30.67391,"5,9,11",792
AYD6iZXCG7skJuSFxJDhQB,104.153814,30.682664,"0,4,9",1837
LRKUxSjyMnJdfQj7AemWWt,104.094594,30.675807,"0,9",516
QEBXkJgLrkgmWnTHfxbyMU,104.08018,30.67206,"7,11",2009
kw5jZb3bBu8CJL57PptGqF,104.11744,30.6781,"6,7",1616
9ZL9LkHqBWWoReTs2aXL47,103.989338,30.573145,"8,11",3012
asktuzrdP8kKSzYtoo3PUp,104.125623,30.669608,"0,3,11",433
56kLXaFquWNkHHFf4kcTti,104.10399,30.68306,3,590
m8U8taZHCaqs74ecSZ5Hnk,104.070801,30.654499,"1,2,7",1896
Z75KDBfmY7eGNvHrDRxBU3,104.06343,30.70893,7,1844
PUADig4tNCtgBdtk7bTzzM,104.084823,30.694138,"0,1",4456
XRb63TQ7atXGdAWhsJCKSA,104.09509,30.67992,"3,5,7",925
U4cDSLuHbc9J8DSDNMePai,104.08957,30.65006,"0,2,11",934
hsg8PvvezyuJnrxyG5yjpd,104.04709,30.67622,"3,9",762
KEE8wmePEJDLoQQb6qNwfq,103.968207,30.671217,3,1498
9hqzgNvSNak2XUVpSHY4Zb,104.071793,30.655397,1,1809
iCB42iuTmpAtcLuk5CHyV3,103.983475,30.671423,2,2874
UuMvNoD6md2niV8LB3gAvz,104.065707,30.654175,7,1385
az3kJ326HXEwxFE4AffAEE,104.13567,30.68042,"0,7,11",691
MmYef6Nv9Mfn4SqiM7B9q9,104.06339,30.65472,5,1787
hX8AJkvotejQcj4C5hMKoh,104.04657,30.71499,"0,6,7",554
V5HcDtwTLRthf3QnbLPW3J,104.06648,30.64099,"4,5",698
nW4ptHm7N9cjUSxSeuTgXH,104.05479,30.71272,"2,5",1429
6XDBkBmRP83j4Yk7oHvPMw,104.06297,30.65452,0,441
RzoSX8maey8d5zWArJArV8,104.088921,30.67135,9,782
in2RJecDtAYGABRmMtbdMe,104.1031,30.669,11,1109
Y9tMWby68egc8h84fVsBWz,104.08178,30.62041,11,1779
9PvMX6qiZPN8uYX7T4hvco,104.026588,30.677401,"1,7,11",760
n78FC88ixaGfjZXWi5fwWC,104.10586,30.72048,"4,5",1142
RCAZ99z7Jvv86S2yuS5bY5,104.127342,30.773838,8,2514
Rmx6qTWxQAZMow3Yypk2M8,104.044579,30.6593,3,682
77fJestBeJsai4ZHJn8aiC,104.0711,30.7163,"2,6",3669
8hrxSpGPbNwPvPDKYTKwFW,104.1133,30.64704,0,510
j5fttRRzAT7nnw4b4X5QbU,104.12764,30.77424,7,2776
EK86psKW2RL74GMT6BberY,104.0626,30.60851,8,1840
SraCnSzpnYGoFHGkpCtFCa,104.07357,30.667761,"0,2",1269
bGFfctp5QaCNpqCLd659vg,104.09983,30.66933,"2,6,11",1319
7nkogLjCbQxZ2HWxDQQZge,104.06005,30.66225,6,582
Wezako46ADuWNmoZat6H2H,104.056205,30.659966,2,291
Xfg6GQpAsBRMQ428PkXfT7,104.078857,30.68796,2,2269
HwGiEExbvzgCLMB8dHjkL8,104.05293,30.63526,2,1818
TeAhXWWVPGCddvnGALYrBv,104.05323,30.63671,6,798
R3n4dGDpX9oEGT6YkQqGYq,104.05359,30.67753,"0,5",722
cLgBF4aeHpQJycum2AyhMC,104.113373,30.648975,5,1155
HXVgrkKf5Xs9pqh2KgryZS,104.00217,30.7024,7,720
hUGKiauxnZB92NHU6gTBCE,104.073601,30.689751,5,1614
Qu7VXsUkvP9GatJMtQ2zhN,104.10808,30.67523,"0,2",557
M8qG3ZujbAzavdQwBmY5Mx,104.072899,30.681227,"3,5,7",951
Febyofg8KU8fYuVpbVQoDU,104.0487,30.683399,"0,4",874
SFQKpxMiwmZiV9pXYhAwX7,104.069099,30.65136,"0,2",476
YQYCD4XDdr7LqKVYQgmGLm,104.11763,30.68771,2,1763
gP5Wduqtq99MxPgLFWAYz2,103.99801,30.70456,3,1719
KEmEuESX3JKa5HPUYeyFYx,104.088137,30.638604,"7,11",813
T2tXngGs8qHBXMtgYAm4Ty,104.063683,30.709091,"2,7",727
dxYaa5Jj9VDq2YYQq8T9bk,104.114671,30.68543,4,838
bRNVD8DKaYZrrQ2r6XLNEV,104.05624,30.6694,"1,3,11",1474
mZae2kNU8byV9sz87MoPQH,104.07314,30.65479,"2,5,11",721
bx5ZXjabuqHnjhPPhQ4WjQ,104.03007,30.68623,"3,7,11",1393
VhVLpmWxgVWi6aZ3KfYm83,104.10894,30.6747,"0,2",1570
UCi9QWHQrXkfuYhrFPc7TL,104.05263,30.67724,3,1133
WhWmNfRKhRRnSwfTAqedRb,104.048531,30.644247,"6,9",1435
LXfx5H7tHqhmydXHbyxFxd,104.06796,30.67225,"2,11",2002
VsGGdf3aKzV8nnJ77FqqDs,104.0465,30.66463,1,597
NCwRR3sLZx6Lk3VZF4XjYP,104.15623,30.82608,9,2950
LLczMrDkiqzTV9ufRPwJ2D,103.910276,30.597545,"6,7,10",3726
Cx6a6zpEDwfeVkQ5YmmWah,104.14217,30.68218,"4,5,8",1292
kBqkRLBGbJQPysph7Ne5GP,104.03668,30.71209,"9,10",608
kjG2JK2yz6R49CZ28ZaLRj,104.10976,30.67125,5,404
2tCiZAz7jxgzDpaSBSaUYf,104.127815,30.636087,"0,2,11",900
cavrSowFRuWyneWwpAzSyR,104.076078,30.659338,7,735
PPhZ6PwYPFwrPCQGPf7GmE,104.07565,30.66232,"3,5",694
dc5U3qqQijTDziRK2rvbkc,104.06586,30.70277,"1,3",1542
TsKhduN59o9doRkUEnMYg3,104.11309,30.61607,"0,8",1228
hApuHaMLi7MoYGRajHHdmP,104.074792,30.615842,2,1557
TmZGHcCkoSMtxVzUhGeys2,104.11211,30.67856,"1,5,11",638
3RuoiiqttZeCXV3PgnQvfa,104.082207,30.6901,"3,4",529
32VAC6h4btx5ecbdwiGgkq,104.11741,30.65575,"0,7,11",4174
eAJRSDFXQWzjmKd5a3EnZs,104.058792,30.694359,"8,11",1258
DEhAos3WDfyATTYiX3yVBf,104.05357,30.65759,3,622
8YETMLbV4iHtDgGaomnGaj,104.0622,30.68767,5,739
FzK2DMb4Kse6GgLLtip96R,104.186676,30.821625,"3,11",3196
53DQ9AZaH8bxo3WYaSDDcW,104.0451,30.74391,"8,9",526
AGpWGrgXyHn6dZk5nuhBPk,104.081855,30.657292,3,672
7pXwREuvgGH8vurTCXViaL,104.03952,30.71011,"2,11",2186
3xQhixiKxE5KNFZVymH2VN,104.02952,30.68259,"2,5,7",374
XJo2XXodmFZhCJq9uycz6v,104.09789,30.67368,"2,5",780
PuLLs6TRY796CQq6PdHvqk,104.05984,30.77574,"3,8,10",1084
6SFJX2GGWDvVobMpEKs7xn,104.06723,30.54896,8,4202
h76WNT6RtE9qvzeUALvdsR,104.04143,30.71305,3,1071
GUNdrndyhnpvTJitBSfdF9,104.05932,30.67232,0,1329
mGGnSNgJ7dn2Hk6pNmpoVo,104.09368,30.67748,"5,6",2145
SzT7Jz2rxoH6Z8Cn8bSwhw,104.03804,30.68832,3,1077
dkKw4cNfQdZvr2p42tHHg8,104.118513,30.715327,"3,9",1102
atzjSU5DeWC3HSXU8NQzsv,104.07478,30.67647,"1,3,7",1186
4FSjFdq5cjKNXnZvpDG4MJ,104.097141,30.703344,"3,6",503
YhgfxZ9pPfuE5vFmZk8Vt3,104.06035,30.66275,11,2271
coraww98JPC6kDQNDnbfGa,104.137662,30.672137,"1,3,11",1029
JCvocdDtfvWdGEi5ZFRxyU,103.976738,30.718946,"2,7,11",2012
U97LTTbQfGUrZhEHh7deFU,104.083638,30.661036,0,1204
AnicXyKycTnpYUGb9yKH6m,104.013199,30.704821,"4,9",1467
7JmaguttwQzHYyMJ63B3pH,104.10036,30.65715,"2,7",659
KGMNUqbJGa3FhYr5vnUQFC,104.05981,30.63189,"3,7,9",1594
njJK2geVRRDRfPdUT3C9rd,104.108704,30.688009,"2,7,10",1942
8YzjYAPs6zzpCrpxSkDH5V,104.0769,30.72267,"7,9",644
RZUMiQU8kqtJXfsamMT4KS,104.10978,30.71402,"1,2",1124
oC3xU7oPnd6RQgMa4pZ47q,104.074122,30.654897,"2,11",525
EcGGQCEpXsEStqc9ESzM9Z,104.233902,30.643236,6,3811
KjXnGWXsnxQs6CJFApJE4r,104.04108,30.65298,"2,11",889
VG3kthz8q5ma5TAqE5jb3s,103.88099,30.80538,6,2763
QHAhJj7iBa4xjhjQ2QPMxQ,104.045937,30.731325,2,1258
UsqQBxyA7RCLmaM4pWVDtU,104.082781,30.681023,"6,7",1440
Ku6pHtCAtFYsqe8kauJzZd,104.055739,30.6295,"2,9,11",975
mc8MZvzKACjJ3RYsrH2ap3,104.03726,30.64901,"3,8,11",1136
AfQBMguQvJdSRBrtV8qLE6,104.05099,30.61429,"2,7,11",2793
k74pbMv6k2qNqFi7UQz6GF,104.06185,30.66357,4,744
X6uLc8Lcjqs6ZviCvak3jL,104.07312,30.65492,"3,11",763
49nPSHd63JtVwJbis8Dt7y,104.06024,30.67164,2,1487
XbArewtZKgbAvFFUE4eBTh,104.060984,30.682401,"3,5,10",1479
DdRTEhmswNf2oA779QNjAf,104.074409,30.68812,2,1386
K7yoM8KoBTDxv9dZCfo92F,104.07522,30.67115,7,1344
egH5LVLkYDHc8cFQyaJqEF,104.11248,30.71543,"0,2,11",1061
Ex2iW8WpU7JDiSa4jKudpQ,104.08579,30.64977,"5,9,11",674
hUZt76vigHgQ4K4xGcFf4H,104.0663,30.64572,2,904
b2aaoPdcbTSV65xnbNDQV4,103.99776,30.626929,"2,7",1694
Yo2PNtx8KbPd5WW66YuHxg,104.04348,30.69738,"1,2",2647
CFW6N65NYUdtS7XoqRcTFW,103.99007,30.614,11,1697
A7Ev6AGaxdHDqKe9TQYpd4,104.013471,30.705861,"2,5,7",1488
3eUuYZQ6CYendWC64gVXXi,104.039093,30.690777,"3,5",1025
JUCTHmsmFfUq8SZSJWaVTK,104.05181,30.66098,"1,3,9",1282
EAVTJCuJjxCLCgmgEtDor4,104.08639,30.66091,"3,11",1969
ZmaTrdhLP5gdLNmmfwA2xP,104.13757,30.672644,"3,10",937
M3LAThrNgrtXJGeLK8wWey,104.05494,30.67246,"5,7,9",747
aR66Ay6oSvVj4y2RJPwc6Y,104.040935,30.666205,0,586
V4HeiGed5hhmq53DqFdBWz,104.080916,30.653771,"0,5,11",872
756FpU5Uzj4H74WzFGuSvN,104.085249,30.65517,"0,8",1709
NQHHw2qTztyFp3QzirbhDF,104.00892,30.70213,"0,5",3590
8nJZTTsLpg6Y67fsZvK5JH,104.08209,30.70436,"1,2",906
7rtAUQm66er3ksJCEMFafy,104.060699,30.723391,"8,9,11",593
iqfUnnS6Vkiv7onNT9nuYv,104.064766,30.728439,"0,2,9",551
J6Z6GUNxyGgp2bFCiAWZLs,104.0671,30.67048,"0,7,11",2049
32LvoAvHXgVz5g3PaT6hvk,104.07674,30.65423,"3,4,9",469
gPbtZ5yvp5yZu5z2GJ9NaV,104.07142,30.65588,"3,6",585
9cUq4kLNEMeUGogokCT2PR,104.02768,30.63353,9,1839
ZbzMS8C6UBmyWnrfKTJe4v,104.077133,30.673738,"4,8,9",514
75DwiXqbX4CH3dZHVmxeZa,104.031578,30.691713,"0,3,4",883
EAAhB8VXsHJvCxh8Hao7Y3,104.04024,30.68551,"0,2,11",825
HWcKHa3cLCZMT4qyLrmJXp,104.112474,30.6472,"6,11",742
H2hBv9CnmpDEmB8YACMcqY,104.07866,30.70268,"0,7,9",1504
Csi36PEtETHWrZmVKqSCXe,104.073158,30.685453,"3,4,10",703
WKfqiAsva6hytQxWXK4TTP,104.09926,30.61245,"2,11",1232
X7cLYu27Ba9ZqE4yPWVgar,104.050674,30.665409,"3,7,8",886
4tKGzUsGNTVF78R288Homi,104.05227,30.66733,"0,4",1436
G6DsE4YaJ9WRDGcBAGhNUm,104.12133,30.65073,"3,8",1013
UEpYmQee5wF2wbywvkBAEN,104.03129,30.68306,7,607
a4Wxgq5oZSUqP6Zi4pRo5t,104.04055,30.61758,"2,5,10",1164
oQZBhV9t7toKXMErMPuGzF,104.04861,30.66859,"7,11",931
3o2VhKexaERkJw8vAeajXC,104.07858,30.65811,6,168
RGj8dDLPMmBc5CLDc2UjRD,104.07613,30.653795,"1,5,8",499
MufeM2MhAZiBwWiAQ82EwY,104.07773,30.66514,0,734
FR6tJcRKS7gjZE4oBTeADa,104.08809,30.6562,"3,7",1172
R4fdHLr6t3f6FhG2DLowKw,104.026962,30.728884,"4,7,11",1664
LndqFn538xsBBC4746QJN5,104.04173,30.69645,"1,7,11",1487
RWeZkDJV42yqP25LLzDNL7,104.163556,30.6852,"7,9",783
CzhSRw3Bf7tmFUKgqgEWrN,104.08241,30.704,"9,11",698
dtVryTdvX89yUP9RhzuVgr,104.05748,30.61845,11,1472
H4cRAv2cBRVpAg35xV3QX2,104.077179,30.660778,"0,5",1055
SnApbz5EaUrTqu7KULFXWF,104.10007,30.66796,"2,6",977
HcrercKqBHJz635zhP6k8F,104.11991,30.6225,8,1528
NnGZE26V3jSgGhVsTRXACB,104.07183,30.67886,0,748
JQddHcgMGNNXym8VwcQckb,104.075548,30.67207,"6,8",860
ZKbF5XRRoHrTjKu2goC5Rv,104.098015,30.622267,"2,11",1758
4rzDU5WxHvLJ6oiwGpvYR9,103.914207,30.594406,4,2074
fWPhVSJhowWTeerQ4RATrq,104.056602,30.686279,5,574
Q79RktbDzrHjwFyBEygzVw,103.991753,30.684162,"5,7,11",763
2mqtNmchmotejJ9mT3mgWY,104.024529,30.703768,"5,9,11",1396
oMEKSKXimcpr4piiKcLqTc,104.05876,30.66158,"0,6,11",743
6E2cdLyfwkfRyczou5rmAf,104.07882,30.65801,5,1687
SiWvGQGbCKxX6b6d7EuY6B,104.08635,30.6609,7,340
7ckvPVN539UYtgmmdui8tB,104.061928,30.661375,"2,8,9",1028
cJDLQ6cExBdF8vETfbNpQV,104.073502,30.66021,"6,8,9",1174
Fkw4Ccv6Sta5y3viaDzNMm,104.07097,30.54682,9,2322
ns8xn8F5KLHPVS8Hzzqd87,104.04466,30.70167,"3,6,8",1293
YUcLq9tyFyfwnjHWFGMi5c,104.06767,30.70276,"3,7",801
Z27G2XrUMdjhDDuR6S632R,104.07361,30.6602,"0,11",1320
jZEboBjDnqdubJwfwxCQsg,103.98669,30.56766,"4,10",2088
hp5RqUyiSJdnJVLHRmnTNw,104.07724,30.611954,0,1168
8nAJ9MADabbrPfBgRcM7nX,104.070992,30.657169,"1,7,11",744
K6NSwMj3t4VChNqUg9wFSw,104.10918,30.68355,"3,7",802
hLks6kvJdpUo5syECp4yyi,104.07767,30.61677,"0,4,11",702
ZVqEFJdWK2fHfP9Ex4WskS,104.073512,30.688645,11,1522
iQ5auRvbp662XeU2tAmti2,104.069366,30.657362,"0,7",1241
LCLj47nzXHVKMMFDrjK5Jb,104.05477,30.679381,"4,6",1487
At8Hhjbp9brQLCpoMGaC2J,104.04881,30.67291,"2,6,11",641
8X3pS59ZUckQqTfCsKrAWQ,104.08161,30.63848,"2,5",1405
2nxjWZ8fYVk5MqYJeCutcz,104.06991,30.67511,"2,7,11",725
kLLVKHtmhgv9TDZigNyxyt,104.08232,30.70413,"1,2",634
SeFPsdZx2Jj9P44h5kBfgA,104.067101,30.767651,0,1140
K8WrsUqN9ipPTCoCmPqKuy,104.090302,30.652958,"7,11",882
8CWBrmzmSEdEapoHkFpbVP,104.081398,30.648243,0,1132
AY69nmhPJCf6F2pXBdkT3N,104.07194,30.6794,"1,2,6",692
K7doy9ZrbMkxvdw8tj5i8T,104.05901,30.66282,0,1394
3cSXVRWHxHk4mdDcVdST6M,104.0811,30.65614,"0,2,11",1619
U7uynBitd7bZ35Nb2Pz9NZ,104.05652,30.71164,8,1948
VurezPfLKVJzBWCyJNLvpP,104.09499,30.63859,7,781
DT6d2aw3N925LaKm7jpX2W,104.0819,30.6783,"0,7,9",1946
ikfZAGwut5rCGx9RJfnEyL,104.017036,30.693001,"2,4,5",1895
6PQdCsyaju8xWfbWAFRzBm,104.11355,30.64692,1,747
WWUXpgf8WHaRfjfVVzwchj,104.107442,30.724875,6,837
73pncAaY9rrMtpxqxfvinp,104.11562,30.64107,"0,7",607
NVGyWBjGzF6VmG3nYpSaMe,104.04703,30.7109,"1,2",703
4LwicZFZdhcaRCutXqTpM2,104.0248,30.70523,5,1964
Mmx3wH2anhrYGJvWHFL5Jf,104.139611,30.780229,"1,11",1320
gWY5Nr9L7SFqN4PnFGqgvF,104.084801,30.75893,9,1051
NraXL6u7Nsfaq7nTw29BTd,104.11179,30.647641,11,1837
FnrvjzVN8TrJnAB2TeKScv,103.956436,30.575056,3,2371
V2eLDyVCjTMcnsSFDsY5CH,104.11486,30.70539,"6,11",1414
8g7N7cq3JCoyYztwBnHgoZ,104.11764,30.6425,4,295
kiKcCuHuHBf244gqrodnWB,104.07643,30.66966,"3,7,8",1557
SCsgqR5fuLsWaLb2X87EAH,104.016251,30.69434,"0,7,11",852
Pv74UxE2iyLDpqVgsRSED3,104.066821,30.712164,"0,1,5",1751
S44DySAFeZ8XnPkMEQmcSD,104.09119,30.65634,11,726
gC3c4pztZvkBh2S9BrkaPs,104.112153,30.666498,5,787
SwRzD3xjNBHeY4NmTuuRde,104.082919,30.682751,"4,6,9",966
5KF8cnxBkQSwycXbcVuzon,104.094215,30.705441,"1,10,11",430
Db33Dhe5GJFSToxBW4io5h,104.04803,30.68339,"2,6,8",1361
88UGhxzZEAvjrTevxQwm4N,104.09324,30.6702,7,301
Qugb7MPcLnUFpWqdH9Bmyz,104.0692,30.65266,"0,9,11",799
FD37wedsxozLcNGBoSkoTX,104.11167,30.68508,"1,3",772
oGTPKbHJPymorcMU9axxKT,104.102043,30.668827,"2,6,9",603
XfwTVmyBy3axNrhvSLqc8N,104.124214,30.671165,"0,4,11",1398
eJBQEm5yr2mSJqkY3zQZaQ,104.045822,30.716057,"2,7",2828
RRwBPRkc3NuBNZJ2SaUjB9,104.1309,30.68475,"5,7",2719
ioVLptCeKxA7zkcsoUyoME,104.00551,30.691,0,798
mYPwhSmwXxZuSog8honsKn,104.1093,30.67557,"3,8",804
gyiNMTgM3oFF2YZ28fwX4X,104.01767,30.67492,"2,8",822
7HA3MZuuWiKtCnuKmz5pre,104.136032,30.585461,"0,10,11",1780
DPb5PnskyW2mRUY3YHuZuA,104.0597,30.67557,"0,3,4",574
nFFSj3NcE38aVsWipa8sXP,104.09315,30.63518,1,612
4dh573obn3MNrdJ7NEpwH5,104.069702,30.646891,"2,3",425
QmzFKFkCMKqRCjiTNqi3Yw,104.101123,30.664779,8,687
AVWQCJh9wEraKPg8kKLVNP,104.15989,30.69734,5,2611
iw8nqZr9F2DtWUqVtue9RG,104.07799,30.67461,"2,5",714
c2pLsAKbSCqCwS2FkkzSfT,104.08127,30.65673,9,1566
TPBXbAA2drEBfHzZebLnAm,104.05165,30.66506,"5,6,11",760
QbSyYY8BAjHvY53x2MUhAm,104.00772,30.6631,3,2170
aJgqdQTrKvHYk96zkcfbRp,104.01707,30.63777,"5,7",1862
K5PQefYydqUvF4bRVTrzL2,104.069359,30.646873,"2,9,11",508
UNnmgibi5KtJp3A4dxfUtL,104.10514,30.67999,"2,4,6",1194
nQXwQoDWH3Dju8XtYkG37U,104.01805,30.65394,"4,6,11",1242
A8BWQLeLswyk6jiQ4wTP44,104.0373,30.67672,2,1069
aNX9A6JfauAnYHmCTL2dxt,104.07306,30.693894,11,855
iA9bd3QdtHSKFkAxyZfyHQ,104.08037,30.65462,11,1198
GqU67DHSzuAunwsVfvWeFR,104.07152,30.66522,2,1649
N2d7XhzLsPEZZwmA5NgAcJ,104.10458,30.66661,"0,4",1525
HzzXX7DDqE6EfRsTqxUjjC,104.0555,30.7123,"1,6",949
GDfhbTKJJo3sK9t6F8kn4u,104.07066,30.60208,"0,3",1131
2ZD6TJPePbr88eUnjHQYSZ,104.076451,30.653728,5,3280
BS6H9br2TuQyXL9kVsfxAy,104.07964,30.65183,"7,11",1312
L66UsJWCrvQnDd34ygKzZS,104.143883,30.70948,"0,3",351
eNxhMWqiZqR5Cr85Mnu5NX,104.04525,30.65905,"0,2",460
P3ySaE9kKdUtgMfkKVe4wx,104.05459,30.72043,"0,8,11",1559
88DCZ7LwJMyRbC6LjsFAXV,103.956332,30.56864,"2,8",1898
VHfuSDKmzTQA2ngfW3B8nr,104.008136,30.649646,"0,11",1361
F8mt6pDLy8fpCfWJ2Aez9v,104.083717,30.682671,"2,6,11",1475
EcuzLMvqKpLuyvvHMNjeiq,104.10994,30.67101,"2,3,6",525
mfevWtgMQhFLVuEuJmdiFA,104.073162,30.685454,11,786
fLvFJzXtZQnQkTAyPbqvge,104.066254,30.639111,0,743
GiwYQXfedT6cgpGwaPVwHR,104.06,30.65818,"3,7",939
VNPZetkwQGZ2xuJ4tJohAS,104.067529,30.77055,"2,9",1066
J3CxkUshdFnArR4X3VdVez,104.08354,30.67227,3,1182
aqA2cttBff6AHLNHDYSPJk,104.06576,30.6837,"0,2,4",515
Y6hGiJbsMAvKEesy6rHKvJ,104.048332,30.667566,"9,11",918
KAqcpNZCRa5GzziSHmqu6j,104.10421,30.646269,"3,9,11",246
GyuKuiqe5z3L6PEw4YotYQ,104.07587,30.66225,"0,1,9",1007
KfY8k2oiTHMxoysdcEoaPn,104.04432,30.69799,5,1311
gJ73oXTaeZL3wgitxgrn67,104.065659,30.71042,"1,8,9",483
WohbRtax6e8uMVmydnNhNC,104.04515,30.68852,0,1336
Vw82Lr84pdr2PQ54JL33Sw,104.04306,30.68435,"2,4,11",924
eJMid2ogoVbrjKtydEbsmc,104.1056,30.720727,"9,11",906
7DhrBXE4kgTvWmhMfJHuhr,104.058329,30.714377,"1,7,11",1542
APqbWT5bvRZA6rz9KVNczY,103.994167,30.734453,"0,6,11",1706
C5ubi2tBAikRmJrNDmSBVb,104.10635,30.72084,11,914
WgB7Jf6pk4DJxzXWGKxQ4J,104.050189,30.726457,"1,4,11",1641
giLrQUh9f2eqzGiQWriRtC,104.063,30.68838,"6,11",1188
5wwj3JNTJvnGEPuXCdRG3z,104.03154,30.7183,"4,7,11",1133
4xyzdTTDCA3AExhEHzkp5F,104.07506,30.68203,"4,6",2062
fgmPfdxmzVACovjHEzDfNU,104.028797,30.712395,"2,8",2104
hSFus8dpSNJHvs7TfhwbZN,104.103921,30.670851,"5,7",1803
KmwY8AMcFHagYjC9LiSsor,104.06158,30.71368,"1,3,5",1628
diemiXSPU9a6ZF3AJsJWSY,104.10857,30.67535,"2,11",802
Giw6tEteHbYfacwegAtcyy,104.045403,30.707371,"2,5,7",854
SAi4CYtHooSfdwwEyCsctk,104.05379,30.69246,"3,5,8",1042
KWrUkrvENbZ2uTRUaKpbtL,104.05781,30.67282,0,365
jtsLMyTvsaKAsuJP8AgB9k,104.04886,30.65329,3,754
R5tyGtPKZ3YScxQMbaPkTj,104.06733,30.649,"5,11",2336
YfDmniR3YDyjfvTBQeV5qg,104.12505,30.66281,2,714
c3BKeWZwxZBGxzjmf6GMk6,104.1231,30.67078,"5,7,9",1695
SKrm9oTvDxhJQozJC3taeh,104.079796,30.670654,"2,4",1214
ftDZoKcgJus4cJxLtjkrYX,104.04303,30.67929,"1,4,7",826
kdLDBDMpYz3ZbAqsAEnsA7,104.23672,30.57749,"3,7,11",3042
WFQkocDDgfM9sZeTJSv7Z6,104.07335,30.69451,"0,2,6",910
W6Aim2gefdZ96kshd7GVP8,104.05884,30.6859,"5,8,11",1360
9SnUw2LiYxv6HAXWXZLT6k,104.08743,30.68429,7,698
eu3v7U6p9m7mW72CBEnDZP,104.00274,30.66973,"6,7,11",1474
NZFkR58xZHt48GNWVxXrjZ,104.0655,30.66886,11,1663
Q6Zoz6TubKMvrGSxLPVCYx,104.04835,30.62677,2,1372
AdYmvBwEyoff4YqvTnkshk,104.1089,30.687475,"8,9,11",1279
7W2jys62xtdDHGQZ4gJfoj,104.078875,30.660271,11,2676
XTjZPMvsRZeqEzV5Q6Qbk3,104.00982,30.68185,"3,4",1243
CyoWEvfvMS36fi5gJgdzg8,104.083458,30.677628,"2,6,7",1026
YzZs8QytqCLPYP59uSGQWp,104.0002,30.67319,11,1119
PEoZdWZzndfwXE86Y6Mkvu,104.050059,30.707646,"4,11",1841
c9xtnp4BRVJu7D4ybdi6r6,104.08707,30.67248,"0,2,5",269
5nbUodXYT3TyWjeVdV4mys,104.091264,30.643028,"2,4,9",1876
aYRp3rKp5necUqauXqDJas,104.07328,30.66119,"2,8",342
JXfVvha3FHSABSPp68ESv2,104.08517,30.67413,0,393
TKtoDGuX7aphyHTJJ34mE7,104.043867,30.682327,7,191
BhqhVmapVbCtg62cpwr8fM,103.99623,30.67344,5,1519
Yfg8oUPbPrVYA5acYBtD5p,104.07188,30.69242,3,827
Zgf7DA6ek99aH74UFxCKyD,103.93155,30.59059,"1,2,5",2676
jv9CLfwXXGEGojDA8CYZZz,104.076578,30.649831,"3,7,8",1892
W7YhdHxeWxSW38hvPhFCwA,104.05378,30.62018,"1,7,9",1125
QtGggbwrgH4zPZGLozZLTK,104.05494,30.63865,3,2126
D6YK79HiCYHP87HNVm6nhX,104.07412,30.67016,"0,2,5",755
Ro5ACBinJzWihrrghc8S75,104.076353,30.633842,"2,3,5",1715
hgNqqfT3AcKKGpVrEAZmKW,104.09205,30.6614,"4,6",569
fFz5smCtXwVsHBQQPrTkna,104.109055,30.675352,"7,9",1912
HdcV2VNy7mmSmETYhANu4F,104.1378,30.68229,"1,4,5",2356
5wEK43sHC5Q8nZGcCZmAzF,104.14424,30.67282,"2,3,5",876
Yuah7wCUB5L3hQDZikVU3j,104.03232,30.64988,11,2015
787SozT2KpUnZ7eV9C3kHM,104.0846,30.66852,"0,1,7",1829
dab6dzFv7fG6XTkuLXdcV4,104.08757,30.65362,"4,7",2640
eAbdCVGqJEJw67MyUjZDN8,104.1524,30.62639,"3,10,11",979
dDJCqZ59coky6YkozQECPm,104.05569,30.70345,"0,2",804
RfVkYtgK5WJJWre8zgtFyj,104.08694,30.65382,"4,11",1551
3DhE7ofVteAdarG2gbZdWA,104.13768,30.64835,"6,9",469
nFffjNGEoft3q8zNjj7VTj,103.96006,30.67694,7,2241
Eejef8X6ZmhU9xphBnco4d,104.075688,30.689023,"2,4,8",1452
A4S7hnNcuyhZYyGKGtgjcN,104.07828,30.65212,"4,5,11",792
KgGVG2ik3JnwMwi4Wpm3pK,104.040001,30.719673,"2,8,11",1854
KW7iSDA4QHyFNyaX6bf6qC,104.04474,30.70163,"2,3",1081
czsMSrDNsz7iXraMawpyxj,104.02812,30.64024,"2,3",1330
M2USyZfR3LVp3oEF42T6hj,104.076764,30.650132,"0,2",914
RWgLgpn8u7HGvRonSwGhUJ,103.99761,30.67713,"1,8",666
47KVzdvfmRntXjE4eoDSVV,104.07429,30.70981,"4,6,11",1280
hYEodJvSB3zD6b3gAdJsZj,104.1481,30.65535,2,1662
2BcgvDSUWY6msBuwGDjE3W,104.09053,30.65758,6,384
2ZgLF4Nbnsh3aQosb8rY8x,104.073928,30.665869,"0,7",1957
9d7TrioBLFgJ8PFC54DbPN,104.052101,30.664721,"3,10",1927
A6oZCefhrqYcBNTFxJxMmq,104.077656,30.634686,"1,2",650
G9HW9MHQBmNuzFgaCsP6Gv,104.09157,30.66152,"5,7",297
4NAkxiwavkhaC2yXeXqJAB,104.04756,30.67923,"7,8,11",993
d4yPyPLK9aY76iZmgKhNQf,104.082202,30.656074,"2,3",796
jd7JFsPfyvEt6QTJKwUQoN,104.061128,30.682144,"1,2,7",752
D6Qi9Caou79PwXJGxCbb4K,104.034428,30.720007,"3,7",1236
aGcRArLf8JiAj6w6KdbXDJ,103.97945,30.71686,"2,7,11",1656
bS4Aax4niM65Fg3UKDq6FR,104.155392,30.742888,6,2138
fRDpWYu54beZ6LAEXcktZE,104.09579,30.68011,0,1023
5Pn3kiygDzjvx2iCsNbU65,104.070222,30.770442,"0,1,2",1684
E3NRSTzS7Dxz7RyvX5T8qN,104.09564,30.67786,"3,6,11",839
88Tc2FCcTtJEtC5QYW93Hm,104.08168,30.65655,"0,6",1128
KWSzdWPXccxqY6mnsTffAo,104.14979,30.81663,"0,11",2875
BMSdYWHiRf7mwbyUzxJCM8,103.981361,30.822439,"0,1,7",2013
Vh4fszX9SkBDKZ8d8oJsjy,104.00611,30.68033,"6,7",873
T7mPTs6ERK7xcsgEeLLG7D,104.013945,30.664548,"2,3,11",1362
4z5DghF47czg8qC4p4rjs4,104.12239,30.70934,1,931
HvWT5j8zFSQAWdLoBFx9EY,104.073129,30.66775,5,3356
Ks7QqfnBcdv5w6i2XSmVUP,104.072266,30.710135,"2,5",1662
PW7zVphhyWpPsC4YaKaSuA,104.1114,30.66782,"5,11",751
e4gwbGq7Guun7dy244qBt5,103.956314,30.570784,"4,10,11",1719
25ZqSMxHB6C4mB9D2dpWHd,104.067917,30.719009,11,776
BcetbcYe54hiS4YYFgmbiA,104.06923,30.4906,"1,9",3355
4n8sPLqHLQPqUetBYRersz,104.054019,30.65733,2,894
fvL9e7dTwyfuWrV9S9zGSA,104.139999,30.629181,"0,7",1525
bMLEWhtBCRfJbxSbzocQng,104.07487,30.67845,"1,3,9",1183
XwNAF2VsTVBHfQ6jQYMvGG,104.14732,30.65698,"4,11",907
aK7doiccLBdzTNXAT7yQLG,104.05595,30.60918,0,1282
ReuLWnjc4cJayrPryLQwDr,104.095001,30.70602,"2,7",744
WyrXFpfmW6KrfWhLNs6YFj,104.080321,30.654943,"7,9",949
BtKQTthUxkvG5aBZufGYoN,104.089068,30.664489,"0,1,6",606
2LL8gkjqMsvMHNuX374xTn,104.111115,30.669745,"0,6,11",1214
DHcdS7D9AKSBvsZZU9MjJH,104.02898,30.63627,11,1202
nAoRiDWgR5UFN8YU7cyPfF,104.072837,30.654584,8,630
Jhq2mFBaa6i3ZiLd4K9VyD,104.03965,30.69971,8,674
TA5MeJj3tq6cxj5BqjN6ou,104.0468,30.66658,8,2594
9QCAi7PFgBYbsPtjuJsa9D,104.12388,30.67279,"4,6",1074
WF6sKontbj6wdZc6oPJBe5,104.099276,30.666504,"1,3,5",606
BSfTbodbsaUzvxiWHesWDD,104.06771,30.56903,"1,2,8",1710
JASBKsUUDZuvmS327c4MJY,104.0252,30.66552,"0,4,5",944
JgvZFYiyhC5PHSjUzR2Pm3,104.09218,30.64154,"6,11",474
jcEsMyHfFB6B4Q3rQ9DHWG,104.06019,30.76782,"0,7,10",1116
SQd3rwENLU8ix9tfGErsE8,104.114502,30.670715,3,3118
ZyxN3YqGQbCrX9ahpW66z2,104.05725,30.61191,"1,9,11",1641
8Pg7uosM8MsgV8ppFCQhug,104.085775,30.649426,5,1088
i7GX9DSR8Dcde2V8YxjVbQ,104.01487,30.71268,"2,7,11",1608
nUeAKDg4UxYyQgyfijZjx8,104.000168,30.706779,2,1156
7wYaES8fXVjSHkRwufZVFG,104.1082,30.69384,0,382
VSuvoQGuGU7kLPQwVFoMhy,104.08519,30.65494,"1,7,8",657
Bwbik4HHtPkUmMb2EaT7Xa,104.12238,30.7093,"1,2",165
hngRZcUuShLeSf7SwgcHhv,104.03368,30.65153,2,1208
L32yLG5D4VWQTWjaHw5frM,104.04141,30.71002,2,2690
dUEVSoubecCbxRZNyvgmFV,104.01843,30.76651,8,638
WebSyzQNeQW3Gtrmbk3Lqh,104.054111,30.722817,7,1033
JMdhVh4uTMKzymBS4wjU4a,104.098091,30.706337,"3,5",716
7FMwzFfgTZC7Awm6wPf23G,104.10994,30.67101,"0,6,11",334
9qu45K34XnGCDNkZPrPgig,103.99659,30.70995,"0,2",1324
jLiRLpisyfHQm43qPXTnu8,104.12756,30.63617,11,2852
2EerpBzGzdA44x7fzvCYhL,104.0708,30.66934,"2,11",2231
YiRGHWmm7nGpCX2KYK4mki,104.040524,30.685702,"5,6,11",812
FBgE37UNwzNuy8UBn3PbwC,103.8681,30.69359,"8,11",2525
QWaHo22dQvdNpuBGMowuft,104.08318,30.69,"0,1,2",823
YKMcJbWD3UmZW5AFdnwpME,104.105263,30.72135,"1,2,6",1777
N8YPU29H5qoz9sy3CxgCEF,104.060036,30.676355,"0,11",861
9tHBEgARfkUdfiJ7UZrs8n,104.08437,30.68192,"5,8",235
FKmQRRzWB83nCz5eQaBYpb,104.043137,30.638231,"1,3,6",1846
FfF9iadu8MzZKZP3ifcjQR,104.03507,30.65199,"1,3,9",686
SZyoTju6CB7zEcrJzkVnsm,104.06923,30.6046,"3,6",1413
PKJ8LkH5n5Fxcc73dVE5SB,104.08326,30.655243,"5,6,8",1896
CCywA5dymxGN62uJNFrxgw,104.04929,30.64434,"7,9",835
graoNcDGE9DWv6824JYuAS,104.14218,30.66485,"0,4,9",554
h2UZ6QF526qCRJiwFGEjV5,104.054001,30.66313,"7,11",1175
gCtHDymVtJdPenuoRVSJEP,104.083122,30.663572,"3,7",611
iABQyRHGp73tTJ46UseL9z,104.043663,30.684011,"1,5",570
JWRkczXa4PMyy4Q8aCDfsd,104.128902,30.661257,"0,1,11",678
ZBqAUYWHVpmaCHRrKYXvVi,104.11511,30.71683,9,839
KRtrK2dYXn8rRwtFDLEHw2,104.11723,30.65398,8,489
Q6ZcguVCAeBtsEmEijFHtM,104.043549,30.683214,2,892
7wrBuwUZE65gkEsLLNo2st,104.12124,30.65917,11,1291
8bAKA2U6n4nUkqFhDshute,104.095116,30.661966,0,760
mchkaY6sksk6qB5ipT8Mus,104.112822,30.616372,4,1384
WHbxamXGJbz4wkN5Bpx3Qh,104.10598,30.63934,"0,4,11",461
mR83x6wzKKGHjRknTw9Zyo,104.056625,30.70266,"0,5",916
XJKsBSc5agyT4kGPQye5nK,104.0486,30.67358,"0,11",939
kS5kjrCMkXSVDNWTP7CMEn,104.062214,30.60278,"3,7,11",1366
D9Te9gaUDoBUJoP59pwksL,104.07801,30.71391,"0,5,7",935
XtNP9yP3HhcVmWU5U7A2qB,103.99186,30.56976,2,1931
GuSxCxkSuqA9HNyAUFZAoL,104.07649,30.65013,"2,9,11",816
Fu9pCtQHtgzLMztZdCXMCH,104.050758,30.724373,"1,7,9",1723
6JyfBHET9mBpyVVVYGnY5u,104.08678,30.69293,6,1280
c5hpztWWcBma4XGisrnZEW,104.103249,30.670145,"0,8",2466
nUrYRf8oKp5qKF3AR9qTKp,104.099045,30.670088,"0,11",2128
mvA4MUngBsToyVPTdnssJE,104.10195,30.63851,11,2541
DEE3m5pvDb2KuUWcCypxs3,104.08037,30.65462,11,1575
MhasYKL2R5DGBWPoq5BqZ5,104.105393,30.718861,"4,6,8",248
DiP2o7a69TCXgF9HttG5xZ,104.07587,30.68498,"1,3",1690
apWdhbhW5JFDydZDqRHP6D,104.05649,30.66054,1,820
beMkwwqAXe2yxKhKD2BfzN,104.025452,30.685163,1,740
FjjJNGgaw9EYykkbeseqvd,104.1009,30.68411,"2,3",776
S3Qy9G44AgzdtAAnkKwjm8,104.08442,30.66882,"0,1,3",361
izmJ5C9iPEqA4WxcrKVzDq,104.09543,30.66196,"0,8",1495
gZRA7UXisDB48F7DimMMsm,104.053509,30.701883,"6,9",1835
VSpQQ6vGrUnTGQRrpZLnet,104.052536,30.668192,"0,6,11",1725
XEpG8jxrBKzFfxyAKuPFMG,104.139132,30.78523,2,2034
ZrsfB9YciiXpWBbqET9qrw,104.12588,30.66694,2,1396
SG3A5hR6rHYc4MrGp9Xro9,104.07994,30.6425,"1,7",1355
4Hv9nkgxU9cTUr5gzdf8uo,104.12961,30.65954,"1,2",731
mNBzrXBawYjrotwcpbQxiz,104.07335,30.68575,"0,2,7",863
gs5cVCjkTHDhx47b7kqRHF,104.10851,30.69933,"0,6,11",1139
XCnTJsDSy4VcccvFqXpvNj,104.10473,30.72083,"2,7,11",947
PCvcoW8QXvDNGLP673ruQx,104.073101,30.690238,"2,4,5",506
kuAJSfkEhcVZum8GMrsRfB,104.065987,30.66993,"3,5,9",1102
5xjYRbHALJ6eAAa79r3igz,104.06124,30.64017,"6,7,11",1425
nqe5QDUF5SiMapDXywXaSk,104.073402,30.694889,"1,2,7",997
2XtoN5R8RFX9kGVMr4qGsQ,104.051613,30.695601,"2,5",1580
JQK5gNNBbdmGCebdLWqqVx,104.03177,30.71825,"1,11",1672
F4BnVkznRpb4MAqWrTz5Eb,104.03177,30.71825,"4,7",759
ZpFUZmswTZEVjoFHL4ge6Y,104.073158,30.685453,"0,7",742
XjmPXyQRMm2ZvFbqRAfQrZ,104.03779,30.68046,2,2533
gj9EPhimwbws3xtBoUazJg,104.05118,30.68438,"0,7",680
ioTzsJoNnm55TkYYQB9ijv,104.195592,30.567093,"2,6",2701
6AxcRp8rKg85pBJToDJhYR,104.113117,30.715206,6,1133
YQMs9E9B7T2A6fm7C985aU,104.0097,30.70718,"2,3,7",690
QLofGEJhf8nBA9WmPTpehy,104.06442,30.57722,7,2058
5njfWdWvdQMPFNZi7aVUNo,104.044838,30.701559,"0,10",302
WQ6FW7yTj4GEJvqCDrXrne,104.08169,30.65302,"0,8",1605
7dzvGcdhEyxnZWKGknX7RY,104.04714,30.67085,2,779
JMGSiqtLSJoRU8ZgtnTSUa,103.967499,30.67181,"0,2,6",1930
Nvb9MvmddymycnGATzk7HW,103.93955,30.77479,"2,5",2455
JSbbpTXjyA3ZGrVpthaM3j,104.09636,30.64207,"5,9,11",715
8NgGeRhmToqcvbyk2UPqfB,104.091926,30.673257,"2,7",1998
fTobwyetQ8MJRbm8TM42hF,104.06707,30.71225,"0,3",775
A2dWEGXKnk7oQQX8NbLXqB,103.9903,30.55049,11,2192
Dq9zro6Ytp6Z2GyWUJ7GAZ,104.09083,30.65569,"6,9,11",1243
4SoJuwPmYWxSNrUKDE6ak3,104.111583,30.684134,"2,9,11",371
E3en8P9uVsNoUHYnaz9WNb,104.05278,30.67275,11,689
EeCJm9bfxhqz5iwyCAsHr8,104.044998,30.71595,"0,1",608
nVAXNMWaqQL52dFcQYgeX3,104.04383,30.62108,7,1253
hh3C7TaQxMPg9MdBWDnhxx,104.109505,30.672235,"1,5",559
LkLarMVCex8aBrQTPMoDDu,104.07953,30.65729,7,1191
cDVyGDhsntGQmGWDMGZnhY,104.17308,30.69624,"0,11",1090
6aqeQD6zHPPDMQXv5c7eMa,104.046646,30.699144,"6,7",1880
YDHneVHwhnSufxyQyLb8PR,104.02116,30.69607,"7,9,11",576
ZZZ2St2C5EV5AvUAbPzmkF,104.114084,30.651014,"1,5",1572
FUqch7bDSfu2ZtXo4d22pp,104.082778,30.598951,4,1810
HnJkwy3SkSBmYpCRP88LFq,104.03158,30.71825,3,1521
6ni8igvpnTfXzF7afwFZ8U,104.05779,30.69856,"2,5,11",1602
8keH9c72qTj9jR3Zg3AZPg,104.0943,30.66045,"0,2,5",734
g3ExQfegy9L2GwWKQndX8g,104.10588,30.62985,7,1233
fyevyS3nCtQnBnnV58jEZM,104.08065,30.68401,5,660
TZf4C5TmZYawexQ46riwvz,104.03813,30.71902,"5,7,11",1569
gNgbuwqboFQ9zfM5pykh7s,104.1399,30.67864,"0,1,9",1010
dNYF5kJuhv2MGysxyCjb5o,104.0725,30.67043,"7,8,11",2413
VbxQbxCDstys8wufV2wNXy,104.10503,30.67999,"1,7,11",1930
HLdGeyuKS3A9ruqiWA8efG,104.051392,30.70677,"1,3,11",706
53kUDLrPQT6Xvy6Zmzqoxt,104.120377,30.667959,"0,9",473
LtJ4riUzwWM8E5ZmKar4Hc,104.086693,30.657228,0,1488
5LSjFJVNaFNspLnQBqg92k,104.1166,30.76295,"0,6",778
iANuRDNsZbMaqbYt7kdfxr,104.07907,30.65323,5,2170
URPwTqi6UPT33dApyqgoV7,104.144875,30.628445,0,3070
mceL4n8F6iruAywi7mFf9a,104.05327,30.6256,"2,3",1676
VUhEBQMm34RphPbufhjxER,104.06014,30.5835,"4,11",1562
5eYUiLV3TyJD47pjZ2mgNE,104.02739,30.72818,11,1659
ZN8B77RpSLwaRceQqRSUtC,104.05013,30.6447,"3,6,8",1965
Dc2q6uQpBnRGzRaqPWGacE,104.10482,30.69529,"2,5,10",612
UpvSbgVL33hR7ApkyXd2uK,104.045382,30.702108,7,1839
TvSyq2Jbfh4he55LHARxym,104.101937,30.662737,"0,5",503
asTTjuP5dL35AU2SD7KSVB,103.94297,30.786472,0,1867
QXkTBnWXFTyb25iYk8YgUi,104.048715,30.628455,"3,5,6",2624
jebUUUDefUqe7Bw9vGfivj,104.01747,30.717209,"0,5,11",1256
Cca6zzpeyxmANngnXSrHtU,104.063103,30.656033,5,3106
j7gRH9pwBtE5tRUW3o5ght,104.097287,30.679449,6,489
7r4oFVoNnY5RTWgQCJVWvx,104.06718,30.71136,"2,6,7",2700
5yW3xWdfPxywEgiJXfnVRy,104.03054,30.62506,"0,2,4",927
4a28Sy7FfaHVNNbQYjzZmg,103.98139,30.64326,"1,4",1342
MmuhnpPCCKJpLEuHLvriqU,104.06553,30.712461,"4,8",878
kzYaaXeC7SqYwqGWiqkW5h,104.065598,30.652409,7,447
ZmUjY79LpCAusJPt86BNPx,104.059269,30.68622,"5,7,11",392
WESK8mpkFYAidgqpufZovj,103.959004,30.578996,"1,6,10",1601
HHSEJ8yq7wUmu9crTB56Qd,104.06671,30.624951,11,633
jvy6dzP7BLTVAY4eVjXmSn,104.08911,30.65094,"2,3",1038
SA23RWvW5d9vQsWzp4Y93W,104.07685,30.65328,"4,6,11",788
BebNC256Aiq7cQHrSYakjo,104.10081,30.66595,0,477
aebnZJByLPvGS2UGpZv9QJ,104.163902,30.615231,"0,5,11",2009
CyjJRqjSMNvhGU9wfUTLcz,104.04276,30.704343,"4,11",1057
fNGV93zcu8hoxckEGLwdCg,104.05265,30.62218,"2,11",1430
g9Joz6Ef2hETR2QFWqQLiV,104.05269,30.6771,"1,4",1319
nHqm8b9uuv8nyAPhvRKoaG,104.108606,30.681508,"5,11",795
AceRBMda8eAhUbDFNPgbD2,104.082348,30.654839,"1,5,6",2332
NsPajmHXEaZV7s57WtLmvZ,104.09716,30.70675,0,1003
RBjLKcJPDzVcfUNxQ69jfD,104.10377,30.66921,"1,3,10",324
L9mmibjnFGbG3gxUWkyBSH,104.04676,30.70482,"0,7",1690
isiFFcjFtrUn9ySFoG4pAK,104.14043,30.64414,4,866
GyBxfFV8SN8APYtKx4VxKc,104.155416,30.625043,"5,8,11",1244
TR6YQbjTuBBEzazrfDRfEo,104.03098,30.71901,"0,7",433
Y4uUuyCoq8mtANTcUDozLL,104.123838,30.66953,"6,7",1017
DN6WWh2pz2y2SGqigDgRun,104.10842,30.72532,"2,6",851
TRoHAxiGpxwsVTWpSdyVoW,104.082832,30.68519,"2,4,8",629
GyWvwjEos6eujtwnsyNaUj,104.03845,30.60868,"2,9",1836
Wp7bGu93gUnwzRW7SnbPww,104.087285,30.639316,8,1804
HBYJxQoSiSz2FQY5ABzc76,104.16419,30.68161,"4,6,7",669
XxK9KVK5rTQVmFdqu9pbYC,104.044365,30.670723,"5,6,11",1586
NLVqjRYKmpWc8reaNsC69M,104.06506,30.76718,3,1249
TfsC9JtptW7XpzRV4RiYGo,104.066057,30.669321,"5,11",1249
JmRSnmjBXE2SxpUYM87BKT,104.048027,30.67281,"1,7,8",949
GmVtPHGPrW4tDDxgu4LsJ2,104.12496,30.66981,2,633
8EMsGBxAkXCYaVdgwksgF5,104.073584,30.685666,0,673
XSBdEip87vrSW37pGEv6bg,104.08788,30.63902,"0,4",1999
Pv4B2928qh8r6bgtQHmLAA,104.09473,30.660575,3,766
WtwsbQP7kuVSswFDHM4R8i,104.09847,30.60579,2,789
5xCq2cXA4jx3MgjsKkhopg,104.08315,30.67211,"2,5,11",1225
McMqCHRCKg3C74xH4pU6fw,104.083102,30.636453,"5,6",1521
TVfxdp9JTAV6kp7kvURujB,104.05645,30.66069,11,587
oJjSRZXbre4gygqyuNm4Q6,104.085445,30.642199,"2,5,7",509
FcmcqoD96s2tF3kwdepYmx,104.08338,30.6829,"6,9",855
frA2tP9pKj2hbQKo6c46Tt,104.04976,30.67707,"5,11",1240
7BJVNLEDoBf2nDYbXAX73U,104.10337,30.66909,"0,5,8",858
4g9p2unM6zesKNV2mgqYm5,104.09127,30.6031,"0,6,11",1061
aNxhCGYff2nDMR3ZnFDC8J,104.04127,30.70589,"2,9",459
X3mwsW5YpFNAeiyw8jBo2j,104.104445,30.64616,9,819
h9nWuux2rasfZaCWjwuPHG,103.965266,30.671335,1,1362
Rw6BkBq2EKNCYpDzB5zicC,104.033211,30.555988,"0,1,2",3233
dbz72ZehqNZLAUi3EZRmNL,104.13829,30.6826,"2,11",1859
PhuEDuBE9twiFo5wPBCEUL,103.95577,30.57033,"3,7",1663
CwfiR4tnsNGsz5NSG8PX6J,104.067284,30.645964,"0,11",1419
Nog8XokARVXhUwbBV7JUXa,104.002617,30.68255,6,1212
chSpFtYyVDJDxXzJRmf5Zq,104.0616,30.67551,"1,9",671
d5cdneRBRRurnVZTMSWsrY,104.07228,30.66048,"5,7,10",330
SFMmF2iYL4JaKwH95FuBAu,104.075768,30.648262,"6,7,11",1066
MW5BPTWujvpsPHUspGzogt,104.0974,30.62536,7,1055
4usUUJBXmAmoAxhSaoLYqD,104.11282,30.69915,11,1062
F86wpiABoCcxo2385nL7zw,104.058335,30.671553,7,1960
CcrTzx9yJkiZGKdyQkUPZm,104.04599,30.70209,"2,8",584
dYAdhd9NcJxhqZPct9JjmY,104.10934,30.67215,"0,1,4",461
S2NNT4EhiZpEGoCyHhS9sc,104.067236,30.670095,"7,8,11",894
86yWJpiCHL2P9jfWKX2xXy,104.077169,30.67386,"6,8,9",1613
WU3yyDhouyCC4VY2rVMSD9,104.045975,30.730766,"0,2,6",482
mdBNNbPgqGnZJq6YipcgrG,104.03907,30.70732,1,2271
cympm4MtqsxY46tZAbTGAw,104.0539,30.68862,"10,11",1521
SsqkqdPgQvRU95e6KojBcb,104.0432,30.68087,"3,5,11",743
cW7hFTdXd2MhotAQnHTrnM,104.10616,30.65971,"0,2",455
aMgkjWBuHSqdnvVKpwd9vp,104.06176,30.64325,"3,4",986
3RL5jjUsVr2E3LbRdFSYTm,104.06875,30.66699,"5,6",2109
jqVPxK3Jzv89dsJfPbu7oG,103.97344,30.75752,"1,5,11",1101
mQf6fyfMiYypEnt45hkZNR,104.039261,30.705066,8,612
MkkxGbgf6hZpQuHDKsW3Bf,104.144043,30.62589,"0,3,4",2378
N2CptEoZf4a6YERMzMZSTN,104.06241,30.76091,"1,8",2276
Nd5JikwUPYScsNNi5BRHnr,104.05381,30.67751,"1,2,4",590
eHhwjhAHpsc4yN29HFHyeL,104.067541,30.657508,"3,6,7",974
S8LtmxaX5X79mazWW4xXwg,104.04832,30.70783,"0,11",368
i6J7H3aqPd6UGRVUuRR8gX,104.1432,30.627044,0,1914
fVcxh2dFetxdFaK9KVfWVB,104.02671,30.64781,"0,3,6",1252
2x8TdFAgP84zQQiynxRHsD,104.076571,30.649834,"1,5,11",360
NtM6rkPB6FwrvNzc8Kgyiz,104.076241,30.658512,5,921
fFAbfWHvme3WNeEXjA8SZq,104.07332,30.69684,5,1778
2NiqTomsEWCQUUBgj3C4hA,104.0444,30.68772,"2,3,9",1419
XcWNwLFrmkA5AAFR7xMs6n,104.065,30.71251,3,1377
MLTb6xTSpftuFwkYjkuL8R,104.072701,30.694479,"2,10,11",567
YESXdYTnMp6vmsqXvwfwUj,104.08648,30.66112,1,841
FuKwKEvbEDyMchV8HCVtf8,104.077954,30.590835,11,1019
NY86ThUdTP63DG9PqgHinK,104.073562,30.689077,3,1160
UD9bieBh2idQLERbBvqCZf,104.081276,30.644991,7,378
5KY5Z7N3XrLdhZyp6CVpD3,104.03754,30.64186,"2,4,11",1269
LpAzUBrfwEGSHYxQN5hHJ8,104.13738,30.63137,"2,8,10",1140
Nc9xkJvkWp2RTNHoN2Gsxo,104.088303,30.65686,3,930
aXHRq2oUEqroEuvyNte9CP,104.07349,30.68573,11,843
Bg2KGH2HVLJNeB2V4NH7yv,104.125427,30.669479,"3,5,6",1026
aVoXuLpKBqYicCmHgAqE8M,104.07325,30.694,"3,5,11",1072
CcbaWEXdWA3MwwBuSrcbkm,104.09487,30.6362,2,790
HCPHapgJBJY9RZh2KXahas,104.10609,30.66989,6,376
LSHqoP4hbMXPPDbqMF97mo,104.048737,30.672377,"0,2,7",686
QiYg99G7TXoncCnk6hfQvR,104.079918,30.665045,"4,5,8",541
cDsEBfToVitjW2aWbZtkZX,104.07689,30.69453,"4,11",488
mrAEgPqHMCj3wExLd86msa,104.079948,30.66265,"8,9",812
aguZ5utxKTYCizChciMttc,104.08491,30.69419,"3,7",423
3HzHEmYkgBHogoGTZPRPXb,104.062569,30.68153,9,198
2oSoD2pg4RTmDuZQih9ZeQ,104.05252,30.67241,0,613
Q7KSJVgJR9WXLwdZW8rJFZ,104.0835,30.663556,"2,9",927
UQ6XZvJH2BUu5J6poYTDmx,104.04363,30.65829,1,600
TysQDpPhwijiUqh8unNhhy,104.1254,30.66962,"0,7",934
